"Plug_number","Dry.weight","Wet.weight_time0","tank","position","Reef","Species","Colony","Notes_fragging","Temperature","Buoyant_weight_t0","Date_t0","Notes_t0","Buoyant_weight_t0_additional","Date_t0_additional","Notes_t0_additional","Buoyant_weight_t1","Date_t1","Notes_t1","Buoyant_weight_t1_additional","Date_t_1_additional","Notes_t_1_additional","Buoyant_weight_t2","Date_t2","Notes_t2","Buoyant_weight_t2_additional","Date_t2_additional","Notes_t2_additional","Buoyant_weight_t3","Date_t3","Notes_t3","Buoyant_weight_t3_additional","Date_t_3_additional","Notes_t_3_additional","X","Buoyant_weight_t4","Date_t4","Notes_t4","Buoyant_weight_t4_additional","Date_t4_additional","Notes_t4_additional","Buoyant_weight_t5","Date_t5","Notes_t5"
194,18.4007,NA,"19°C/1",3,"Kelso","Acropora hyacinthus",10,"",19,19.5281,"10/05/2021",NA,NA,"","",19.5556,"18/05/2021","",19.5877,"24/05/2021","Sampled because it was covered in algae and was starting to lose tissue",NA,"25/05/2021","",NA,"","",NA,"7/06/2021","",NA,"","",NA,NA,"22/06/2021","",NA,"5/07/2021","",NA,"",NA
212,18.0853,NA,"19°C/1",4,"Kelso","Pocillopora verrucosa",12,"",19,25.5646,"10/05/2021",NA,NA,"","",25.6172,"18/05/2021","",NA,"","",25.6425,"25/05/2021","",NA,"","",25.6843,"7/06/2021","",NA,"","",NA,"25.7193","22/06/2021","","25.7326","5/07/2021","",NA,"",NA
189,19.456,NA,"19°C/1",5,"Kelso","Stylophora pistillata",3,"",19,19.9469,"10/05/2021",NA,NA,"","",20.1109,"18/05/2021","",NA,"","",20.1869,"25/05/2021","",NA,"","",20.2929,"7/06/2021","",NA,"","",NA,"20.3549","22/06/2021","","20.4128","5/07/2021","",NA,"",NA
224,18.7814,NA,"19°C/1",6,"Kelso","Pocillopora verrucosa",9,"",19,17.9071,"10/05/2021",NA,NA,"","",17.9733,"18/05/2021","",NA,"","",18.0113,"25/05/2021","",NA,"","",18.0387,"7/06/2021","",NA,"","",NA,"18.0655","22/06/2021","","18.0798","5/07/2021","",NA,"",NA
351,19.2282,NA,"19°C/1",7,"Kelso","Acropora hyacinthus",5,"",19,18.3907,"10/05/2021",NA,NA,"","",18.4384,"18/05/2021","",NA,"","",18.4476,"25/05/2021","",18.4331,"31/05/2021","Sampled due to algal growth",NA,"7/06/2021","",NA,"","",NA,NA,"22/06/2021","",NA,"5/07/2021","",NA,"",NA
286,17.7916,NA,"19°C/1",8,"Kelso","Pocillopora verrucosa",10,"",19,23.0118,"10/05/2021",NA,NA,"","",23.0598,"18/05/2021","",23.0944,"24/05/2021","Sampled due to tissue sloughing",NA,"25/05/2021","",NA,"","",NA,"7/06/2021","",NA,"","",NA,NA,"22/06/2021","",NA,"5/07/2021","",NA,"",NA
366,19.5906,NA,"19°C/1",9,"Kelso","Stylophora pistillata",4,"",19,15.1883,"10/05/2021",NA,NA,"","",15.3232,"18/05/2021","",NA,"","",15.4065,"25/05/2021","",NA,"","",15.5224,"7/06/2021","",NA,"","",NA,"15.6091","22/06/2021","","15.6462","5/07/2021","",NA,"",NA
105,19.3521,NA,"19°C/1",10,"Kelso","Acropora tenuis",6,"",19,16.1831,"10/05/2021",NA,NA,"","",16.2134,"18/05/2021","",16.2102,"20/05/2021","Sampled because it was dead/dying",NA,"25/05/2021","",NA,"","",NA,"7/06/2021","",NA,"","",NA,NA,"22/06/2021","",NA,"5/07/2021","",NA,"",NA
30,19.4847,NA,"19°C/1",11,"Kelso","Stylophora pistillata",8,"",19,25.7839,"10/05/2021",NA,NA,"","",25.9273,"18/05/2021","",NA,"","",26.0344,"25/05/2021","",NA,"","",26.2274,"7/06/2021","",NA,"","",NA,"26.3648","22/06/2021","","26.4318","5/07/2021","",NA,"",NA
595,18.1118,NA,"19°C/1",14,"Kelso","Acropora tenuis",2,"",19,14.0027,"10/05/2021",NA,NA,"","",14.0581,"18/05/2021","",14.0987,"24/05/2021","Sampled because it was bleached and covered in algae. ",NA,"25/05/2021","",NA,"","",NA,"7/06/2021","",NA,"","",NA,NA,"22/06/2021","",NA,"5/07/2021","",NA,"",NA
22,19.5076,NA,"19°C/1",17,"Kelso","Acropora hyacinthus",14,"",19,18.4005,"10/05/2021",NA,NA,"","",18.4487,"18/05/2021","",NA,"","",18.4711,"25/05/2021","",18.4757,"31/05/2021","Not sampled, weighted to match photogrammetry",18.4724,"7/06/2021","",NA,"","",NA,"18.4657","22/06/2021","",NA,"5/07/2021","",NA,"",NA
201,20.5884,NA,"19°C/1",18,"Kelso","Acropora tenuis",7,"",19,16.6574,"10/05/2021",NA,NA,"","",16.6826,"18/05/2021","Sampled on 18/05/21 because it was dead/dying",NA,"","",NA,"25/05/2021","",NA,"","",NA,"7/06/2021","",NA,"","",NA,NA,"22/06/2021","",NA,"5/07/2021","",NA,"",NA
320,19.4751,NA,"19°C/2",1,"Kelso","Acropora hyacinthus",6,"",19,17.2742,"10/05/2021",NA,NA,"","",17.3471,"18/05/2021","",NA,"","",17.3785,"25/05/2021","",17.3795,"31/05/2021","Sampled due to algal growth",NA,"7/06/2021","",NA,"","",NA,NA,"22/06/2021","",NA,"5/07/2021","",NA,"",NA
5,18.6382,NA,"19°C/2",2,"Kelso","Pocillopora verrucosa",11,"",19,21.1931,"10/05/2021",NA,NA,"","",21.2475,"18/05/2021","",NA,"","",21.2755,"25/05/2021","",NA,"","",21.2914,"7/06/2021","",NA,"","",NA,"21.9234","22/06/2021","","21.292","5/07/2021","",NA,"",NA
12,20.039,NA,"19°C/2",3,"Kelso","Acropora tenuis",5,"",19,14.0254,"10/05/2021",NA,NA,"","",14.0408,"18/05/2021","",NA,"","",14.0387,"25/05/2021","Sampled on 25/05/21 because it had started to die",NA,"","",NA,"7/06/2021","",NA,"","",NA,NA,"22/06/2021","",NA,"5/07/2021","",NA,"",NA
622,18.8079,NA,"19°C/2",4,"Kelso","Stylophora pistillata",1,"",19,20.6229,"10/05/2021",NA,NA,"","",20.7422,"18/05/2021","",NA,"","",20.8294,"25/05/2021","",NA,"","",20.9684,"7/06/2021","",NA,"","",NA,"21.0764","22/06/2021","","21.1576","5/07/2021","",NA,"",NA
168,20.2964,NA,"19°C/2",5,"Kelso","Stylophora pistillata",7,"",19,31.2042,"10/05/2021",NA,NA,"","",31.4345,"18/05/2021","",NA,"","",31.6153,"25/05/2021","",NA,"","",31.8781,"7/06/2021","",NA,"","",NA,"32.106","22/06/2021","","32.2254","5/07/2021","",NA,"",NA
91,19.4305,NA,"19°C/2",7,"Kelso","Pocillopora verrucosa",13,"",19,22.2854,"10/05/2021",NA,NA,"","",22.3094,"18/05/2021","",22.3031,"24/05/2021","Sampled because it was dead/dying",NA,"25/05/2021","",NA,"","",NA,"7/06/2021","",NA,"","",NA,NA,"22/06/2021","",NA,"5/07/2021","",NA,"",NA
178,18.6854,NA,"19°C/2",8,"Kelso","Acropora hyacinthus",2,"",19,16.5307,"10/05/2021",NA,NA,"","",16.5549,"18/05/2021","",NA,"","",16.5882,"25/05/2021","",16.5922,"28/05/2021","Sampled due to pale tissue and algal growth",NA,"7/06/2021","",NA,"","",NA,NA,"22/06/2021","",NA,"5/07/2021","",NA,"",NA
70,19.3476,NA,"19°C/2",10,"Kelso","Acropora tenuis",13,"",19,15.8631,"10/05/2021",NA,NA,"","",15.8615,"18/05/2021","",NA,"","",15.9299,"25/05/2021","",15.9247,"31/05/2021","Not sampled, weighted to match photogrammetry",15.9068,"7/06/2021","",15.9075,"8/06/2021","Sampled due to bleaching and algal loss",NA,NA,"22/06/2021","",NA,"5/07/2021","",NA,"",NA
274,19.0176,NA,"19°C/2",11,"Kelso","Acropora hyacinthus",1,"",19,16.9479,"10/05/2021",NA,NA,"","",16.9943,"18/05/2021","",NA,"","",17.0159,"25/05/2021","",17.0328,"28/05/2021","Sampled due to pale tissue and algal growth",NA,"7/06/2021","",NA,"","",NA,NA,"22/06/2021","",NA,"5/07/2021","",NA,"",NA
337,18.8288,NA,"19°C/2",14,"Kelso","Acropora tenuis",4,"",19,14.4734,"10/05/2021",NA,NA,"","",14.5022,"18/05/2021","",14.523,"24/05/2021","Sampled because it was dead/dying",NA,"25/05/2021","",NA,"","",NA,"7/06/2021","",NA,"","",NA,NA,"22/06/2021","",NA,"5/07/2021","",NA,"",NA
291,18.5872,NA,"19°C/2",15,"Kelso","Stylophora pistillata",13,"",19,16.3086,"10/05/2021",NA,NA,"","",16.3815,"18/05/2021","",NA,"","",16.4272,"25/05/2021","",NA,"","",16.4786,"7/06/2021","",NA,"","",NA,"16.5232","22/06/2021","","16.5495","5/07/2021","",NA,"",NA
57,19.6535,NA,"19°C/2",16,"Kelso","Pocillopora verrucosa",6,"",19,24.7166,"10/05/2021",NA,NA,"","",24.7572,"18/05/2021","",NA,"","",24.7858,"25/05/2021","",24.8019,"1/06/2021","Sampled because it was starting to lose tissue",NA,"7/06/2021","",NA,"","",NA,NA,"22/06/2021","",NA,"5/07/2021","",NA,"",NA
123,18.648,NA,"19°C/3",1,"Kelso","Acropora hyacinthus",7,"",19,17.2301,"10/05/2021",NA,NA,"","",17.2507,"18/05/2021","",NA,"","",17.254,"25/05/2021","",17.2215,"28/05/2021","Sampled due to bleaching and algal growth",NA,"7/06/2021","",NA,"","",NA,NA,"22/06/2021","",NA,"5/07/2021","",NA,"",NA
348,19.6316,NA,"19°C/3",2,"Kelso","Acropora tenuis",1,"",19,19.8842,"10/05/2021",NA,NA,"","",19.9974,"18/05/2021","",NA,"","",20.0326,"25/05/2021","",20.042,"31/05/2021","Not sampled, weighted to match photogrammetry",20.0612,"7/06/2021","",NA,"","",NA,"20.0612","22/06/2021","","20.0626","5/07/2021","",NA,"",NA
326,19.546,NA,"19°C/3",3,"Kelso","Stylophora pistillata",9,"",19,19.2109,"10/05/2021",NA,NA,"","",19.266,"18/05/2021","",NA,"","",19.317,"25/05/2021","",19.3194,"28/05/2021","Sampled due to bleaching and algal growth",NA,"7/06/2021","",NA,"","",NA,NA,"22/06/2021","",NA,"5/07/2021","",NA,"",NA
157,20.742,NA,"19°C/3",5,"Kelso","Pocillopora verrucosa",4,"",19,18.8088,"10/05/2021",NA,NA,"","",18.8615,"18/05/2021","",NA,"","",18.893,"25/05/2021","",NA,"","",18.9126,"7/06/2021","",NA,"","",NA,"18.9394","22/06/2021","","18.9384","5/07/2021","",NA,"",NA
261,18.1307,NA,"19°C/3",7,"Kelso","Acropora hyacinthus",15,"",19,18.5439,"10/05/2021",NA,NA,"","",18.6371,"18/05/2021","",NA,"","",18.694,"25/05/2021","",18.7066,"31/05/2021","Not sampled, weighted to match photogrammetry",18.7108,"7/06/2021","",NA,"","",NA,"18.7219","22/06/2021","","18.724","5/07/2021","",NA,"",NA
306,18.6117,NA,"19°C/3",8,"Kelso","Acropora tenuis",11,"",19,18.2423,"10/05/2021",NA,NA,"","",18.2673,"18/05/2021","",NA,"","",18.2823,"25/05/2021","",18.2879,"31/05/2021","Not sampled, weighted to match photogrammetry",18.2879,"7/06/2021","",NA,"","",NA,"18.282","22/06/2021","","18.279","5/07/2021","",NA,"",NA
81,17.904,NA,"19°C/3",9,"Kelso","Pocillopora verrucosa",5,"",19,20.9813,"10/05/2021",NA,NA,"","",21.0049,"18/05/2021","",NA,"","",21.0154,"25/05/2021","",NA,"","",21.0345,"7/06/2021","",NA,"","",NA,"21.0474","22/06/2021","","21.0531","5/07/2021","",NA,"",NA
150,20.0849,NA,"19°C/3",10,"Kelso","Pocillopora verrucosa",8,"",19,24.2443,"10/05/2021",NA,NA,"","",24.3067,"18/05/2021","",NA,"","",24.3476,"25/05/2021","",NA,"","",24.4096,"7/06/2021","",NA,"","",NA,"24.4507","22/06/2021","","24.464","5/07/2021","",NA,"",NA
566,20.1087,NA,"19°C/3",11,"Kelso","Acropora tenuis",8,"",19,16.3705,"10/05/2021",NA,NA,"","",16.3786,"18/05/2021","",NA,"","",16.4117,"25/05/2021","",16.4044,"31/05/2021","Not sampled, weighted to match photogrammetry",16.4056,"7/06/2021","",16.3952,"17/06/2021","Sampled due to bleaching and algal growth",NA,NA,"22/06/2021","",NA,"5/07/2021","",NA,"",NA
234,19.9566,NA,"19°C/3",13,"Kelso","Stylophora pistillata",5,"",19,19.3697,"10/05/2021",NA,NA,"","",19.4652,"18/05/2021","",NA,"","",19.5566,"25/05/2021","",NA,"","",19.664,"7/06/2021","",NA,"","",NA,"19.7618","22/06/2021","","19.8263","5/07/2021","",NA,"",NA
45,19.3834,NA,"19°C/3",15,"Kelso","Acropora hyacinthus",11,"",19,16.627,"10/05/2021",NA,NA,"","",16.6893,"18/05/2021","",NA,"","",16.7154,"25/05/2021","",NA,"","",16.7138,"7/06/2021","Sampled due to algal growth and breakage",NA,"","",NA,NA,"22/06/2021","",NA,"5/07/2021","",NA,"",NA
120,18.6237,NA,"19°C/3",16,"Kelso","Stylophora pistillata",2,"",19,18.3109,"10/05/2021",NA,NA,"","",18.4384,"18/05/2021","",NA,"","",18.532,"25/05/2021","",NA,"","",18.6932,"7/06/2021","",NA,"","",NA,"18.8187","22/06/2021","","18.8853","5/07/2021","",NA,"",NA
323,19.5616,NA,"21°C/1",2,"Kelso","Stylophora pistillata",9,"",21,18.414,"10/05/2021",NA,NA,"","",18.5811,"20/05/2021","",NA,"","",18.661,"25/05/2021","",NA,"","",18.9026,"7/06/2021","",NA,"","",NA,"19.1616","21/06/2021","","19.4138","5/07/2021","",NA,"",NA
186,21.0579,NA,"21°C/1",4,"Kelso","Stylophora pistillata",3,"",21,22.8204,"10/05/2021",NA,NA,"","",23.1683,"20/05/2021","",NA,"","",23.3229,"25/05/2021","",NA,"","",23.7066,"7/06/2021","",NA,"","",NA,"24.0732","21/06/2021","","24.3909","5/07/2021","",NA,"",NA
158,18.8525,NA,"21°C/1",5,"Kelso","Pocillopora verrucosa",4,"",21,19.0192,"10/05/2021",NA,NA,"","",19.1324,"20/05/2021","",NA,"","",19.1921,"25/05/2021","",NA,"","",19.3099,"7/06/2021","",NA,"","",NA,"19.4081","21/06/2021","","19.5106","5/07/2021","",NA,"",NA
174,20.2002,NA,"21°C/1",6,"Kelso","Acropora hyacinthus",2,"",21,18.5537,"10/05/2021",NA,NA,"","",18.7821,"20/05/2021","",NA,"","",18.8825,"25/05/2021","",NA,"","",19.1161,"7/06/2021","",NA,"","",NA,"19.2702","21/06/2021","","19.3795","5/07/2021","",NA,"",NA
341,19.687,NA,"21°C/1",8,"Kelso","Acropora tenuis",1,"",21,19.312,"10/05/2021",NA,NA,"","",19.526,"20/05/2021","",NA,"","",19.6225,"25/05/2021","",NA,"","",19.8667,"7/06/2021","",NA,"","",NA,"20.1191","21/06/2021","",NA,"5/07/2021","",NA,"",NA
122,19.6282,NA,"21°C/1",9,"Kelso","Acropora hyacinthus",7,"",21,18.7152,"10/05/2021",NA,NA,"","",18.8494,"20/05/2021","",NA,"","",18.882,"25/05/2021","",NA,"","",19.0638,"7/06/2021","",NA,"","",NA,"19.1656","21/06/2021","","19.3509","5/07/2021","",NA,"",NA
69,19.9717,NA,"21°C/1",10,"Kelso","Acropora tenuis",13,"",21,15.6808,"10/05/2021",NA,NA,"","",15.7288,"20/05/2021","",NA,"","",15.7574,"25/05/2021","",NA,"","",15.7888,"7/06/2021","",NA,"","",NA,"15.7987","21/06/2021","","15.8197","5/07/2021","",NA,"",NA
1,19.9558,NA,"21°C/1",11,"Kelso","Pocillopora verrucosa",11,"",21,20.6591,"10/05/2021",NA,NA,"","",20.9055,"20/05/2021","",NA,"","",21.0214,"25/05/2021","",NA,"","",21.3456,"7/06/2021","",NA,"","",NA,"21.7204","21/06/2021","","22.1441","5/07/2021","",NA,"",NA
623,19.1205,NA,"21°C/1",12,"Kelso","Stylophora pistillata",1,"",21,17.9593,"10/05/2021",NA,NA,"","",18.2308,"20/05/2021","",NA,"","",18.3654,"25/05/2021","",NA,"","",18.743,"7/06/2021","",NA,"","",NA,"19.1254","21/06/2021","","19.514","5/07/2021","",NA,"",NA
16,20.0956,NA,"21°C/1",16,"Kelso","Acropora tenuis",5,"",21,15.3061,"10/05/2021",NA,NA,"","",15.4292,"20/05/2021","",NA,"","",15.4602,"25/05/2021","",NA,"","",15.5659,"7/06/2021","",NA,"","",NA,"15.6229","21/06/2021","","15.6259","5/07/2021","Sampled due to bleaching and algal growth",NA,"",NA
226,18.9725,NA,"21°C/1",17,"Kelso","Pocillopora verrucosa",9,"",21,21.4275,"10/05/2021",NA,NA,"","",21.5757,"20/05/2021","",NA,"","",21.6371,"25/05/2021","",NA,"","",21.7848,"7/06/2021","",NA,"","",NA,"21.9282","21/06/2021","","22.1429","5/07/2021","",NA,"",NA
24,19.2949,NA,"21°C/1",18,"Kelso","Acropora hyacinthus",14,"",21,16.0074,"10/05/2021",NA,NA,"","",16.2385,"20/05/2021","",NA,"","",16.3422,"25/05/2021","",NA,"","",16.6079,"7/06/2021","",NA,"","",NA,"16.8534","21/06/2021","","17.0871","5/07/2021","",NA,"",NA
36,19.964,NA,"21°C/2",2,"Kelso","Stylophora pistillata",8,"",21,20.5225,"10/05/2021",NA,NA,"","",20.8038,"20/05/2021","",NA,"","",20.9353,"25/05/2021","",NA,"","",21.3016,"7/06/2021","",NA,"","",NA,"21.735","21/06/2021","","22.2604","5/07/2021","",NA,"",NA
163,19.7288,NA,"21°C/2",3,"Kelso","Stylophora pistillata",7,"",21,21.7673,"10/05/2021",NA,NA,"","",22.102,"20/05/2021","",NA,"","",22.2404,"25/05/2021","",NA,"","",22.5604,"7/06/2021","",NA,"","",NA,"22.9864","21/06/2021","","23.4227","5/07/2021","",NA,"",NA
335,18.7877,NA,"21°C/2",4,"Kelso","Acropora tenuis",4,"",21,14.4503,"10/05/2021",NA,NA,"","",14.6053,"20/05/2021","",NA,"","",14.6596,"25/05/2021","",NA,"","",14.8007,"7/06/2021","",NA,"","",NA,"14.8821","21/06/2021","","14.9726","5/07/2021","",NA,"",NA
195,19.5606,NA,"21°C/2",6,"Kelso","Acropora hyacinthus",10,"",21,19.0547,"10/05/2021",NA,NA,"","",19.2244,"20/05/2021","",NA,"","",19.2918,"25/05/2021","",NA,"","",19.4764,"7/06/2021","",NA,"","",NA,"19.5648","21/06/2021","","19.7172","5/07/2021","",NA,"",NA
103,20.0285,NA,"21°C/2",11,"Kelso","Acropora tenuis",6,"",21,15.7745,"10/05/2021",NA,NA,"","",15.8687,"20/05/2021","",NA,"","",15.8994,"25/05/2021","",NA,"","",15.9689,"7/06/2021","",NA,"","",NA,"15.9997","21/06/2021","","16.0347","5/07/2021","",NA,"",NA
275,19.3845,NA,"21°C/2",12,"Kelso","Acropora hyacinthus",1,"",21,16.5664,"10/05/2021",NA,NA,"","",16.8355,"20/05/2021","",NA,"","",16.9382,"25/05/2021","",NA,"","",17.1558,"7/06/2021","",NA,"","",NA,"17.3152","21/06/2021","","17.46","5/07/2021","",NA,"",NA
300,19.9371,NA,"21°C/2",13,"Kelso","Stylophora pistillata",13,"",21,17.4595,"10/05/2021",NA,NA,"","",17.5732,"20/05/2021","",NA,"","",17.6064,"25/05/2021","",NA,"","",17.6984,"7/06/2021","",NA,"","",NA,"17.7566","21/06/2021","","17.8525","5/07/2021","",NA,"",NA
262,19.0538,NA,"21°C/2",14,"Kelso","Acropora hyacinthus",15,"",21,17.7013,"10/05/2021",NA,NA,"","",17.8408,"20/05/2021","",NA,"","",17.9481,"25/05/2021","",NA,"","",18.2068,"7/06/2021","",NA,"","",NA,"18.4239","21/06/2021","","18.6858","5/07/2021","",NA,"",NA
289,18.5038,NA,"21°C/2",15,"Kelso","Pocillopora verrucosa",10,"",21,22.9036,"10/05/2021",NA,NA,"","",23.0246,"20/05/2021","",NA,"","",23.0632,"25/05/2021","",NA,"","",23.1617,"7/06/2021","",NA,"","",NA,"23.2641","21/06/2021","","23.392","5/07/2021","",NA,"",NA
216,19.2408,NA,"21°C/2",16,"Kelso","Pocillopora verrucosa",12,"",21,26.5298,"10/05/2021",NA,NA,"","",26.6493,"20/05/2021","",NA,"","",26.6882,"25/05/2021","",NA,"","",26.8047,"7/06/2021","",NA,"","",NA,"26.9149","21/06/2021","","27.0577","5/07/2021","",NA,"",NA
147,19.1488,NA,"21°C/2",17,"Kelso","Pocillopora verrucosa",8,"",21,22.7501,"10/05/2021",NA,NA,"","",22.8464,"20/05/2021","",NA,"","",22.886,"25/05/2021","",NA,"","",22.9903,"7/06/2021","",NA,"","",NA,"23.0932","21/06/2021","","23.2701","5/07/2021","",NA,"",NA
203,19.9513,NA,"21°C/2",18,"Kelso","Acropora tenuis",7,"",21,14.784,"10/05/2021",NA,NA,"","",14.944,"20/05/2021","",NA,"","",14.9918,"25/05/2021","",NA,"","",15.0338,"7/06/2021","Sampled because tissue on the tips was dead",NA,"","",NA,NA,"21/06/2021","",NA,"5/07/2021","",NA,"",NA
232,19.1295,NA,"21°C/3",1,"Kelso","Stylophora pistillata",5,"",21,21.9849,"10/05/2021",NA,NA,"","",22.2638,"20/05/2021","",NA,"","",22.4123,"25/05/2021","",NA,"","",22.7854,"7/06/2021","",NA,"","",NA,"23.171","21/06/2021","",NA,"5/07/2021","Sampled by mistake",NA,"",NA
117,19.5425,NA,"21°C/3",3,"Kelso","Stylophora pistillata",2,"",21,18.6213,"10/05/2021",NA,NA,"","",18.7792,"20/05/2021","",NA,"","",18.8732,"25/05/2021","",NA,"","",19.1379,"7/06/2021","",NA,"","",NA,"19.4693","21/06/2021","","19.8239","5/07/2021","",NA,"",NA
368,19.7421,NA,"21°C/3",4,"Kelso","Stylophora pistillata",4,"",21,17.702,"10/05/2021",NA,NA,"","",17.9538,"20/05/2021","",NA,"","",18.0896,"25/05/2021","",NA,"","",18.4685,"7/06/2021","",NA,"","",NA,"18.8473","21/06/2021","",NA,"5/07/2021","Sampled by mistake",NA,"",NA
561,20.6658,NA,"21°C/3",5,"Kelso","Acropora tenuis",8,"",21,16.9821,"10/05/2021",NA,NA,"","",17.117,"20/05/2021","",NA,"","",17.1714,"25/05/2021","",NA,"","",17.2643,"7/06/2021","",NA,"","",NA,"17.3086","21/06/2021","","17.3552","5/07/2021","",NA,"",NA
313,19.1696,NA,"21°C/3",7,"Kelso","Acropora hyacinthus",6,"",21,18.9074,"10/05/2021",NA,NA,"","",19.1781,"20/05/2021","",NA,"","",19.3253,"25/05/2021","",NA,"","",19.6747,"7/06/2021","",NA,"","",NA,"19.9577","21/06/2021","","20.2369","5/07/2021","",NA,"",NA
97,19.3013,NA,"21°C/3",8,"Kelso","Pocillopora verrucosa",13,"",21,29.785,"10/05/2021",NA,NA,"","",29.9389,"20/05/2021","",NA,"","",29.995,"25/05/2021","",NA,"","",30.1369,"7/06/2021","",NA,"","",NA,"30.2351","21/06/2021","","30.2858","5/07/2021","",NA,"",NA
85,19.1471,NA,"21°C/3",9,"Kelso","Pocillopora verrucosa",5,"",21,28.5396,"10/05/2021",NA,NA,"","",28.6857,"20/05/2021","",NA,"","",28.7618,"25/05/2021","",NA,"","",28.9295,"7/06/2021","",NA,"","",NA,"29.104","21/06/2021","","29.2701","5/07/2021","",NA,"",NA
60,20.1231,NA,"21°C/3",11,"Kelso","Pocillopora verrucosa",6,"",21,23.7492,"10/05/2021",NA,NA,"","",23.8792,"20/05/2021","",NA,"","",23.9167,"25/05/2021","",NA,"","",24.0226,"7/06/2021","",NA,"","",NA,"24.1703","21/06/2021","","24.3031","5/07/2021","",NA,"",NA
303,18.899,NA,"21°C/3",13,"Kelso","Acropora tenuis",11,"",21,19.9076,"10/05/2021",NA,NA,"","",20.0743,"20/05/2021","",NA,"","",20.1779,"25/05/2021","",NA,"","",20.4901,"7/06/2021","",NA,"","",NA,"20.7552","21/06/2021","","21.0119","5/07/2021","",NA,"",NA
359,19.1128,NA,"21°C/3",15,"Kelso","Acropora hyacinthus",5,"",21,20.3982,"10/05/2021",NA,NA,"","",20.6544,"20/05/2021","",NA,"","",20.7782,"25/05/2021","",NA,"","",21.1907,"7/06/2021","",NA,"","",NA,"21.5144","21/06/2021","","21.8407","5/07/2021","",NA,"",NA
42,19.5575,NA,"21°C/3",16,"Kelso","Acropora hyacinthus",11,"",21,18.3168,"10/05/2021",NA,NA,"","",18.5782,"20/05/2021","",NA,"","",18.7297,"25/05/2021","",NA,"","",19.0685,"7/06/2021","",NA,"","",NA,"19.3074","21/06/2021","","19.5611","5/07/2021","",NA,"",NA
592,17.8368,NA,"21°C/3",18,"Kelso","Acropora tenuis",2,"",21,13.7935,"10/05/2021",NA,NA,"","",13.9523,"20/05/2021","",NA,"","",14.0345,"25/05/2021","",NA,"","",14.259,"7/06/2021","",NA,"","",NA,"14.3475","21/06/2021","","14.4382","5/07/2021","",NA,"",NA
23,18.6063,NA,"23°C/1",1,"Kelso","Acropora hyacinthus",14,"",23,17.1347,"10/05/2021",NA,NA,"","",17.5015,"20/05/2021","",NA,"","",17.7271,"26/05/2021","",NA,"","",18.2249,"8/06/2021","",NA,"","",NA,"18.735","22/06/2021","","19.2915","6/07/2021","",NA,"",NA
92,18.8728,NA,"23°C/1",2,"Kelso","Pocillopora verrucosa",13,"",23,27.5032,"10/05/2021",NA,NA,"","",27.8496,"20/05/2021","",NA,"","",28.0206,"26/05/2021","",NA,"","",28.371,"8/06/2021","",NA,"","",NA,"28.845","22/06/2021","","29.3325","6/07/2021","",NA,"",NA
188,19.822,NA,"23°C/1",3,"Kelso","Stylophora pistillata",3,"",23,23.2426,"10/05/2021",NA,NA,"","",23.6731,"20/05/2021","",NA,"","",23.8752,"26/05/2021","",NA,"","",24.4576,"8/06/2021","",NA,"","",NA,"25.0835","22/06/2021","","25.7579","6/07/2021","",NA,"",NA
312,20.0135,NA,"23°C/1",5,"Kelso","Acropora hyacinthus",6,"",23,20.5616,"10/05/2021",NA,NA,"","",20.946,"20/05/2021","",NA,"","",21.1669,"26/05/2021","",NA,"","",21.6719,"8/06/2021","",NA,"","",NA,"22.2054","22/06/2021","","22.8169","6/07/2021","",NA,"",NA
68,19.3403,NA,"23°C/1",8,"Kelso","Acropora tenuis",13,"",23,16.3266,"10/05/2021",NA,NA,"","",16.5435,"20/05/2021","",NA,"","",16.6754,"26/05/2021","",NA,"","",16.907,"8/06/2021","",NA,"","",NA,"17.1261","22/06/2021","","17.2677","6/07/2021","",NA,"",NA
229,18.8362,NA,"23°C/1",9,"Kelso","Pocillopora verrucosa",9,"",23,20.8175,"10/05/2021",NA,NA,"","",20.9851,"20/05/2021","",NA,"","",21.0828,"26/05/2021","",NA,"","",21.3306,"8/06/2021","",NA,"","",NA,"21.7661","22/06/2021","","22.3738","6/07/2021","",NA,"",NA
211,17.9166,NA,"23°C/1",11,"Kelso","Pocillopora verrucosa",12,"",23,23.1756,"10/05/2021",NA,NA,"","",23.3142,"20/05/2021","",NA,"","",23.3898,"26/05/2021","",NA,"","",23.564,"8/06/2021","",NA,"","",NA,"23.8501","22/06/2021","","24.2008","6/07/2021","",NA,"",NA
236,18.6527,NA,"23°C/1",12,"Kelso","Stylophora pistillata",5,"",23,23.5108,"10/05/2021",NA,NA,"","",23.8084,"20/05/2021","",NA,"","",23.9494,"26/05/2021","",NA,"","",24.2955,"8/06/2021","",NA,"","",NA,"24.6814","22/06/2021","","25.0631","6/07/2021","",NA,"",NA
328,19.9777,NA,"23°C/1",14,"Kelso","Stylophora pistillata",9,"",23,21.7422,"10/05/2021",NA,NA,"","",21.9859,"20/05/2021","",NA,"","",22.1663,"26/05/2021","",NA,"","",22.6194,"8/06/2021","",NA,"","",NA,"23.2252","22/06/2021","","23.8748","6/07/2021","",NA,"",NA
266,19.45,NA,"23°C/1",15,"Kelso","Acropora hyacinthus",15,"",23,16.3122,"10/05/2021",NA,NA,"","",16.5668,"20/05/2021","",NA,"","",16.7026,"26/05/2021","",NA,"","",16.9675,"8/06/2021","",NA,"","",NA,"17.2532","22/06/2021","","17.665","6/07/2021","",NA,"",NA
206,21.0105,NA,"23°C/1",16,"Kelso","Acropora tenuis",7,"",23,17.9975,"10/05/2021",NA,NA,"","",18.4626,"20/05/2021","",NA,"","",18.6291,"26/05/2021","",NA,"","",18.6711,"7/06/2021","Sampled because tissue on the tips was dead",NA,"","",NA,NA,"22/06/2021","",NA,"6/07/2021","",NA,"",NA
307,19.3965,NA,"23°C/1",18,"Kelso","Acropora tenuis",11,"",23,19.9695,"10/05/2021",NA,NA,"","",20.2016,"20/05/2021","",NA,"","",20.345,"26/05/2021","",NA,"","",20.5678,"8/06/2021","",NA,"","",NA,"20.8126","22/06/2021","","21.1514","6/07/2021","",NA,"",NA
272,19.1598,NA,"23°C/2",1,"Kelso","Acropora hyacinthus",1,"",23,17.9325,"10/05/2021",NA,NA,"","",18.2366,"20/05/2021","",NA,"","",18.4281,"26/05/2021","",NA,"","",18.8005,"8/06/2021","",NA,"","",NA,"19.2491","22/06/2021","","19.572","6/07/2021","",NA,"",NA
293,19.0525,NA,"23°C/2",2,"Kelso","Stylophora pistillata",13,"",23,17.4063,"10/05/2021",NA,NA,"","",17.5441,"20/05/2021","",NA,"","",17.577,"26/05/2021","",NA,"","",17.6359,"8/06/2021","",NA,"","",NA,"17.7618","22/06/2021","","17.8074","6/07/2021","",NA,"",NA
342,19.6917,NA,"23°C/2",3,"Kelso","Acropora tenuis",1,"",23,14.8384,"10/05/2021",NA,NA,"","",14.9924,"20/05/2021","",NA,"","",15.0911,"26/05/2021","",NA,"","",15.2918,"8/06/2021","",NA,"","",NA,"15.5556","22/06/2021","","15.757","6/07/2021","",NA,"",NA
593,16.7514,NA,"23°C/2",5,"Kelso","Acropora tenuis",2,"",23,17.9466,"10/05/2021",NA,NA,"","",18.3337,"20/05/2021","",NA,"","",18.5664,"26/05/2021","",NA,"","",18.9624,"8/06/2021","",NA,"","",NA,"19.1098","22/06/2021","","19.2057","6/07/2021","",NA,"",NA
106,18.6648,NA,"23°C/2",6,"Kelso","Acropora tenuis",6,"",23,15.0228,"10/05/2021",NA,NA,"","",15.2099,"20/05/2021","",NA,"","",15.3228,"26/05/2021","",NA,"","",15.5911,"8/06/2021","",NA,"","",NA,"15.7592","22/06/2021","","15.914","6/07/2021","",NA,"",NA
352,18.481,NA,"23°C/2",9,"Kelso","Acropora hyacinthus",5,"",23,17.0015,"10/05/2021",NA,NA,"","",17.4266,"20/05/2021","",NA,"","",17.6842,"26/05/2021","",NA,"","",18.2086,"8/06/2021","",NA,"","",NA,"18.8076","22/06/2021","","19.445","6/07/2021","",NA,"",NA
53,20.2426,NA,"23°C/2",11,"Kelso","Pocillopora verrucosa",6,"",23,27.488,"10/05/2021",NA,NA,"","",27.7167,"20/05/2021","",NA,"","",27.8751,"26/05/2021","",NA,"","",28.3011,"8/06/2021","",NA,"","",NA,"20.0678","22/06/2021","","29.7512","6/07/2021","",NA,"",NA
124,19.1924,NA,"23°C/2",12,"Kelso","Acropora hyacinthus",7,"",23,19.5843,"10/05/2021",NA,NA,"","",19.9366,"20/05/2021","",NA,"","",20.1411,"26/05/2021","",NA,"","",20.4095,"8/06/2021","",NA,"","",NA,"20.776","22/06/2021","","21.188","6/07/2021","",NA,"",NA
167,20.2008,NA,"23°C/2",14,"Kelso","Stylophora pistillata",7,"",23,37.231,"10/05/2021",NA,NA,"","",37.9137,"20/05/2021","",NA,"","",38.3927,"26/05/2021","",NA,"","",39.4632,"8/06/2021","",NA,"","",NA,"40.9043","22/06/2021","","42.3703","6/07/2021","",NA,"",NA
89,20.1089,NA,"23°C/2",15,"Kelso","Pocillopora verrucosa",5,"",23,24.1681,"10/05/2021",NA,NA,"","",24.3338,"20/05/2021","",NA,"","",24.4278,"26/05/2021","",NA,"","",24.6066,"8/06/2021","",NA,"","",NA,"24.9101","22/06/2021","","25.1796","6/07/2021","",NA,"",NA
284,18.643,NA,"23°C/2",16,"Kelso","Pocillopora verrucosa",10,"",23,27.8118,"10/05/2021",NA,NA,"","",28.1415,"20/05/2021","",NA,"","",28.3766,"26/05/2021","",NA,"","",28.9228,"8/06/2021","",NA,"","",NA,"29.7936","22/06/2021","","30.5845","6/07/2021","",NA,"",NA
34,19.3299,NA,"23°C/2",17,"Kelso","Stylophora pistillata",8,"",23,25.3648,"10/05/2021",NA,NA,"","",25.7712,"20/05/2021","",NA,"","",26.0421,"26/05/2021","",NA,"","",26.7254,"8/06/2021","",NA,"","",NA,"27.717","22/06/2021","","28.6078","6/07/2021","",NA,"",NA
50,20.6704,NA,"23°C/3",1,"Kelso","Acropora hyacinthus",11,"",23,18.6487,"11/05/2021",NA,NA,"","",19.0153,"20/05/2021","",NA,"","",19.2076,"26/05/2021","",NA,"","",19.6391,"8/06/2021","",NA,"","",NA,"20.1595","22/06/2021","","20.6988","6/07/2021","",NA,"",NA
116,19.6953,NA,"23°C/3",5,"Kelso","Stylophora pistillata",2,"",23,27.492,"11/05/2021",NA,NA,"","",27.9572,"20/05/2021","",NA,"","",28.2898,"26/05/2021","",NA,"","",29.1319,"8/06/2021","",NA,"","",NA,"30.2152","22/06/2021","","31.1703","6/07/2021","",NA,"",NA
3,20.4034,NA,"23°C/3",6,"Kelso","Pocillopora verrucosa",11,"",23,21.5574,"11/05/2021",NA,NA,"","",21.864,"20/05/2021","",NA,"","",22.0674,"26/05/2021","",NA,"","",22.5435,"8/06/2021","",NA,"","",NA,"23.1287","22/06/2021","","23.7652","6/07/2021","",NA,"",NA
146,19.3489,NA,"23°C/3",7,"Kelso","Pocillopora verrucosa",8,"",23,23.2981,"11/05/2021",NA,NA,"","",23.4772,"20/05/2021","",NA,"","",23.5839,"26/05/2021","",NA,"","",23.8393,"8/06/2021","",NA,"","",NA,"24.1784","22/06/2021","","24.5423","6/07/2021","",NA,"",NA
570,18.8655,NA,"23°C/3",10,"Kelso","Acropora tenuis",8,"",23,14.8568,"11/05/2021",NA,NA,"","",15.009,"20/05/2021","",NA,"","",15.073,"26/05/2021","",NA,"","",15.1565,"8/06/2021","",NA,"","",NA,"15.1936","22/06/2021","","15.2047","6/07/2021","",NA,"",NA
15,19.2528,NA,"23°C/3",11,"Kelso","Acropora tenuis",5,"",23,15.0684,"11/05/2021",NA,NA,"","",15.3336,"20/05/2021","",NA,"","",15.4792,"26/05/2021","",NA,"","",15.6053,"8/06/2021","",15.629,"17/06/2021","Sampled due to tissue necrosis and algal growth",NA,NA,"22/06/2021","",NA,"6/07/2021","",NA,"",NA
151,19.4405,NA,"23°C/3",12,"Kelso","Pocillopora verrucosa",4,"",23,20.7233,"11/05/2021",NA,NA,"","",20.959,"20/05/2021","",NA,"","",21.1,"26/05/2021","",NA,"","",21.4274,"8/06/2021","",NA,"","",NA,"21.8264","22/06/2021","","22.2073","6/07/2021","",NA,"",NA
171,19.9083,NA,"23°C/3",13,"Kelso","Acropora hyacinthus",2,"",23,16.8126,"11/05/2021",NA,NA,"","",17.1934,"20/05/2021","",NA,"","",17.4292,"26/05/2021","",NA,"","",17.8588,"8/06/2021","",NA,"","",NA,"18.2385","22/06/2021","","18.6267","6/07/2021","",NA,"",NA
193,19.7425,NA,"23°C/3",15,"Kelso","Acropora hyacinthus",10,"",23,17.2259,"11/05/2021",NA,NA,"","",17.6162,"20/05/2021","",NA,"","",17.8225,"26/05/2021","",NA,"","",18.2385,"8/06/2021","",NA,"","",NA,"18.6595","22/06/2021","Reweighed due to breakage of multiple branches","17.6299","22/06/2021","",18.0694,"6/07/2021",NA
340,19.28,NA,"23°C/3",16,"Kelso","Acropora tenuis",4,"",23,14.6774,"11/05/2021",NA,NA,"","",14.8713,"20/05/2021","",NA,"","",14.9635,"26/05/2021","",NA,"","",15.0224,"8/06/2021","",NA,"","",NA,"15.1023","22/06/2021","","15.1722","6/07/2021","",NA,"",NA
364,18.6193,NA,"23°C/3",17,"Kelso","Stylophora pistillata",4,"",23,16.0566,"11/05/2021",NA,NA,"","",16.3188,"20/05/2021","",NA,"","",16.4767,"26/05/2021","",NA,"","",16.7807,"8/06/2021","",NA,"","",NA,"17.0926","22/06/2021","","17.34","6/07/2021","",NA,"",NA
630,17.9652,NA,"23°C/3",18,"Kelso","Stylophora pistillata",1,"",23,18.9178,"11/05/2021",NA,NA,"","",19.1967,"20/05/2021","",NA,"","",19.3735,"26/05/2021","",NA,"","",19.7678,"8/06/2021","",NA,"","",NA,"20.3488","22/06/2021","","20.9924","6/07/2021","",NA,"",NA
233,19.94444,NA,"25°C/1",2,"Kelso","Stylophora pistillata",5,"",25,26.1492,"11/05/2021",NA,NA,"","",26.3571,"20/05/2021","",NA,"","",26.4892,"26/05/2021","",NA,"","",26.6722,"8/06/2021","",NA,"","",NA,"27.0809","22/06/2021","","27.3888","6/07/2021","",NA,"",NA
115,19.5919,NA,"25°C/1",3,"Kelso","Stylophora pistillata",2,"",25,23.7416,"11/05/2021",NA,NA,"","",23.9338,"20/05/2021","",NA,"","",24.0674,"26/05/2021","",NA,"","",24.4655,"8/06/2021","",NA,"","",NA,"25.0784","22/06/2021","","25.892","6/07/2021","",NA,"",NA
110,19.7732,NA,"25°C/1",4,"Kelso","Acropora tenuis",6,"",25,16.0647,"11/05/2021",NA,NA,"","",16.314,"20/05/2021","",NA,"","",16.4898,"26/05/2021","",NA,"","",16.8475,"8/06/2021","",NA,"","",NA,"17.2717","22/06/2021","","17.6913","6/07/2021","",NA,"",NA
204,18.8051,NA,"25°C/1",5,"Kelso","Acropora tenuis",7,"",25,14.4107,"11/05/2021",NA,NA,"","",14.6774,"20/05/2021","",NA,"","",14.8331,"26/05/2021","",NA,"","",15.0368,"8/06/2021","",15.0771,"14/06/2021","Sampled due to tissue necrosis on tips",NA,NA,"22/06/2021","",NA,"6/07/2021","",NA,"",NA
330,19.1409,NA,"25°C/1",7,"Kelso","Stylophora pistillata",9,"",25,17.5002,"11/05/2021",NA,NA,"","",17.7141,"20/05/2021","",NA,"","",17.8685,"26/05/2021","",NA,"","",18.2495,"8/06/2021","",NA,"","",NA,"18.6987","22/06/2021","","19.2832","6/07/2021","",NA,"",NA
358,17.8283,NA,"25°C/1",8,"Kelso","Acropora hyacinthus",5,"",25,18.0115,"11/05/2021",NA,NA,"","",18.3852,"20/05/2021","",NA,"","",18.6542,"26/05/2021","",NA,"","",19.2268,"8/06/2021","",NA,"","",NA,"19.9204","22/06/2021","","20.6779","6/07/2021","",NA,"",NA
64,18.8231,NA,"25°C/1",9,"Kelso","Acropora tenuis",13,"",25,14.3159,"11/05/2021",NA,NA,"","",14.4855,"20/05/2021","",NA,"","",14.5722,"26/05/2021","",NA,"","",14.6913,"8/06/2021","",NA,"","",NA,"14.758","22/06/2021","","14.8779","6/07/2021","",NA,"",NA
56,19.1796,NA,"25°C/1",12,"Kelso","Pocillopora verrucosa",6,"",25,26.94,"11/05/2021",NA,NA,"","",27.1371,"20/05/2021","",NA,"","",27.3068,"26/05/2021","",NA,"","",27.7737,"8/06/2021","",NA,"","",NA,"28.5649","22/06/2021","","29.4812","6/07/2021","",NA,"",NA
148,19.1657,NA,"25°C/1",13,"Kelso","Pocillopora verrucosa",8,"",25,24.8593,"11/05/2021",NA,NA,"","",25.0306,"20/05/2021","",NA,"","",25.1764,"26/05/2021","",NA,"","",25.3185,"8/06/2021","",NA,"","",NA,"25.6475","22/06/2021","","25.9822","6/07/2021","",NA,"",NA
318,19.5689,NA,"25°C/1",14,"Kelso","Acropora hyacinthus",6,"",25,20.4397,"11/05/2021",NA,NA,"","",20.8968,"20/05/2021","",NA,"","",21.2286,"26/05/2021","",NA,"","",21.7803,"8/06/2021","",NA,"","",NA,"22.0533","22/06/2021","","22.186","6/07/2021","",NA,"",NA
153,18.7918,NA,"25°C/1",15,"Kelso","Pocillopora verrucosa",4,"",25,17.5302,"11/05/2021",NA,NA,"","",17.7025,"20/05/2021","",NA,"","",17.8323,"26/05/2021","",NA,"","",18.1579,"8/06/2021","",NA,"","",NA,"18.6179","22/06/2021","","19.2054","6/07/2021","",NA,"",NA
276,19.0748,NA,"25°C/1",16,"Kelso","Acropora hyacinthus",1,"",25,15.7685,"11/05/2021",NA,NA,"","",16.031,"20/05/2021","",NA,"","",16.2097,"26/05/2021","",NA,"","",16.5495,"8/06/2021","",NA,"","",NA,"16.9446","22/06/2021","","17.4119","6/07/2021","",NA,"",NA
334,18.1428,NA,"25°C/2",1,"Kelso","Acropora tenuis",4,"",25,16.7863,"11/05/2021",NA,NA,"","",16.9467,"20/05/2021","",NA,"","",17.0274,"26/05/2021","",NA,"","",17.0806,"8/06/2021","",NA,"","",NA,"17.0923","23/06/2021","","17.1661","6/07/2021","",NA,"",NA
165,19.8464,NA,"25°C/2",2,"Kelso","Stylophora pistillata",7,"",25,24.1127,"11/05/2021",NA,NA,"","",24.3779,"20/05/2021","",NA,"","",24.5555,"26/05/2021","",NA,"","",25.0073,"8/06/2021","",NA,"","",NA,"25.6616","23/06/2021","","26.269","6/07/2021","",NA,"",NA
35,20.4782,NA,"25°C/2",3,"Kelso","Stylophora pistillata",8,"",25,21.9268,"11/05/2021",NA,NA,"","",22.192,"20/05/2021","",NA,"","",22.3848,"26/05/2021","",NA,"","",22.8912,"8/06/2021","",NA,"","",NA,"23.7843","23/06/2021","","24.6017","6/07/2021","",NA,"",NA
268,18.4661,NA,"25°C/2",6,"Kelso","Acropora hyacinthus",15,"",25,14.9993,"11/05/2021",NA,NA,"","",15.1363,"20/05/2021","",NA,"","",15.2342,"26/05/2021","",NA,"","",15.4744,"8/06/2021","",NA,"","",NA,"15.7525","23/06/2021","","16.105","6/07/2021","",NA,"",NA
281,18.6194,NA,"25°C/2",7,"Kelso","Pocillopora verrucosa",10,"",25,25.4729,"11/05/2021",NA,NA,"","",25.8864,"20/05/2021","",NA,"","",26.2268,"26/05/2021","",NA,"","",26.9665,"8/06/2021","",NA,"","",NA,"27.9333","23/06/2021","","29.1104","6/07/2021","",NA,"",NA
185,20.1732,NA,"25°C/2",8,"Kelso","Stylophora pistillata",3,"",25,21.8775,"11/05/2021",NA,NA,"","",22.279,"20/05/2021","",NA,"","",22.5678,"26/05/2021","",NA,"","",23.2603,"8/06/2021","",NA,"","",NA,"24.1173","23/06/2021","","25.8521","6/07/2021","",NA,"",NA
228,19.9753,NA,"25°C/2",10,"Kelso","Pocillopora verrucosa",9,"",25,21.6225,"11/05/2021",NA,NA,"","",21.7336,"20/05/2021","",NA,"","",21.8016,"26/05/2021","",NA,"","",21.9488,"8/06/2021","",NA,"","",NA,"22.2253","23/06/2021","","22.6103","6/07/2021","",NA,"",NA
218,19.1134,NA,"25°C/2",11,"Kelso","Pocillopora verrucosa",12,"",25,29.3479,"11/05/2021",NA,NA,"","",29.5522,"20/05/2021","",NA,"","",29.6782,"26/05/2021","",NA,"","",29.9137,"8/06/2021","",NA,"","",NA,"30.271","23/06/2021","","30.6853","6/07/2021","",NA,"",NA
349,18.3569,NA,"25°C/2",13,"Kelso","Acropora tenuis",1,"",25,20.2961,"11/05/2021",NA,NA,"","",20.5034,"20/05/2021","",NA,"","",20.6394,"26/05/2021","",NA,"","",20.9144,"8/06/2021","",NA,"","",NA,"21.2216","23/06/2021","","21.5834","6/07/2021","",NA,"",NA
192,17.7093,NA,"25°C/2",14,"Kelso","Acropora hyacinthus",10,"",25,16.6876,"11/05/2021",NA,NA,"","",17.0763,"20/05/2021","",NA,"","",17.3272,"26/05/2021","",NA,"","",17.8039,"8/06/2021","",NA,"","",NA,"18.1839","23/06/2021","","18.6235","6/07/2021","",NA,"",NA
565,19.6765,NA,"25°C/2",15,"Kelso","Acropora tenuis",8,"",25,15.557,"11/05/2021",NA,NA,"","",15.7005,"20/05/2021","",NA,"","",15.775,"26/05/2021","",NA,"","",15.8712,"8/06/2021","",NA,"","",NA,"15.8976","23/06/2021","","15.9523","6/07/2021","",NA,"",NA
130,19.0383,NA,"25°C/2",18,"Kelso","Acropora hyacinthus",7,"",25,20.4002,"11/05/2021",NA,NA,"","",20.6422,"20/05/2021","",NA,"","",20.8047,"26/05/2021","",NA,"","",21.1758,"8/06/2021","",NA,"","",NA,"21.6522","23/06/2021","","22.287","6/07/2021","",NA,"",NA
591,18.5678,NA,"25°C/3",1,"Kelso","Acropora tenuis",2,"",25,15.6875,"11/05/2021",NA,NA,"","",15.9321,"20/05/2021","",NA,"","",16.0949,"26/05/2021","",NA,"","",16.4276,"8/06/2021","",NA,"","",NA,"16.6083","23/06/2021","","16.7664","6/07/2021","",NA,"",NA
302,19.3897,NA,"25°C/3",3,"Kelso","Acropora tenuis",11,"",25,23.1984,"11/05/2021",NA,NA,"","",23.4131,"20/05/2021","",NA,"","",23.5439,"26/05/2021","",NA,"","",23.831,"8/06/2021","",NA,"","",NA,"24.1828","23/06/2021","","24.5261","6/07/2021","",NA,"",NA
180,19.0763,NA,"25°C/3",4,"Kelso","Acropora hyacinthus",2,"",25,17.9529,"11/05/2021",NA,NA,"","",18.2255,"20/05/2021","",NA,"","",18.3991,"26/05/2021","",NA,"","",18.6527,"8/06/2021","",NA,"","",NA,"18.8459","23/06/2021","","19.0817","6/07/2021","",NA,"",NA
14,19.596,NA,"25°C/3",7,"Kelso","Acropora tenuis",5,"",25,16.9618,"11/05/2021",NA,NA,"","",17.1143,"20/05/2021","",NA,"","",17.1989,"26/05/2021","",NA,"","",17.326,"8/06/2021","",NA,"","",NA,"17.3766","23/06/2021","","17.4015","6/07/2021","",NA,"",NA
43,18.9234,NA,"25°C/3",8,"Kelso","Acropora hyacinthus",11,"",25,16.2866,"11/05/2021",NA,NA,"","",16.5062,"20/05/2021","",NA,"","",16.6588,"26/05/2021","",NA,"","",16.9221,"8/06/2021","",NA,"","",NA,"17.3592","23/06/2021","","17.5269","6/07/2021","",NA,"",NA
94,18.8788,NA,"25°C/3",9,"Kelso","Pocillopora verrucosa",13,"",25,21.3065,"11/05/2021",NA,NA,"","",21.4853,"20/05/2021","",NA,"","",21.6132,"26/05/2021","",NA,"","",21.8874,"8/06/2021","",NA,"","",NA,"22.2398","23/06/2021","","22.601","6/07/2021","",NA,"",NA
27,19.2317,NA,"25°C/3",10,"Kelso","Acropora hyacinthus",14,"",25,15.1284,"11/05/2021",NA,NA,"","",15.3285,"20/05/2021","",NA,"","",15.4699,"26/05/2021","",NA,"","",15.7335,"8/06/2021","",NA,"","",NA,"15.9636","23/06/2021","","16.1885","6/07/2021","",NA,"",NA
296,19.2927,NA,"25°C/3",12,"Kelso","Stylophora pistillata",13,"",25,22.4595,"11/05/2021",NA,NA,"","",22.5332,"20/05/2021","",NA,"","",22.5863,"26/05/2021","",NA,"","",22.4744,"8/06/2021","",NA,"","",NA,"22.7276","23/06/2021","","22.8024","6/07/2021","",NA,"",NA
628,17.8311,NA,"25°C/3",13,"Kelso","Stylophora pistillata",1,"",25,18.1003,"11/05/2021",NA,NA,"","",18.2981,"20/05/2021","",NA,"","",18.4444,"26/05/2021","",NA,"","",18.901,"8/06/2021","",NA,"","",NA,"19.5309","23/06/2021","","20.2395","6/07/2021","",NA,"",NA
37,19.682,NA,"25°C/3",15,"Kelso","Pocillopora verrucosa",11,"",25,16.8939,"11/05/2021",NA,NA,"","",17.0323,"20/05/2021","",NA,"","",17.1245,"26/05/2021","",NA,"","",17.3432,"8/06/2021","",NA,"","",NA,"17.6137","23/06/2021","","17.8744","6/07/2021","",NA,"",NA
84,19.0295,NA,"25°C/3",16,"Kelso","Pocillopora verrucosa",5,"",25,24.6558,"11/05/2021",NA,NA,"","",24.7972,"20/05/2021","",NA,"","",24.8809,"26/05/2021","",NA,"","",25.0381,"8/06/2021","",NA,"","",NA,"25.2196","23/06/2021","","25.4691","6/07/2021","",NA,"",NA
370,19.9155,NA,"25°C/3",17,"Kelso","Stylophora pistillata",4,"",25,14.2867,"11/05/2021",NA,NA,"","",14.4471,"20/05/2021","",NA,"","",14.5354,"26/05/2021","",NA,"","",14.6749,"8/06/2021","",NA,"","",NA,"14.8361","23/06/2021","","14.963","6/07/2021","",NA,"",NA
40,19.2595,NA,"26°C/1",1,"Kelso","Acropora hyacinthus",14,"",26,19.4003,"5/05/2021",NA,NA,"","",19.9085,"18/05/2021","",NA,"","",NA,"","",NA,"","",20.4848,"1/06/2021","",NA,"","",NA,"21.0739","14/06/2021","","21.6335","28/06/2021","",NA,"",NA
324,18.9706,NA,"26°C/1",2,"Kelso","Stylophora pistillata",9,"",26,16.2087,"5/05/2021",NA,NA,"","",16.5639,"18/05/2021","",NA,"","",NA,"","",NA,"","",17.0105,"1/06/2021","",NA,"","",NA,"17.4704","14/06/2021","","17.9912","28/06/2021","",NA,"",NA
214,19.2924,NA,"26°C/1",3,"Kelso","Pocillopora verrucosa",12,"",26,23.48,"5/05/2021",NA,NA,"","",23.7186,"18/05/2021","",NA,"","",NA,"","",NA,"","",24.0029,"1/06/2021","",NA,"","",NA,"24.5252","14/06/2021","","25.0607","28/06/2021","",NA,"",NA
107,19.8212,NA,"26°C/1",4,"Kelso","Acropora tenuis",6,"",26,16.4672,"5/05/2021",NA,NA,"","",16.8024,"18/05/2021","",NA,"","",NA,"","",NA,"","",17.0858,"1/06/2021","",NA,"","",NA,"17.2825","14/06/2021","","17.3267","28/06/2021","",NA,"",NA
46,20.2238,NA,"26°C/1",5,"Kelso","Acropora hyacinthus",11,"",26,16.9324,"5/05/2021",NA,NA,"","",17.2578,"18/05/2021","",NA,"","",NA,"","",NA,"","",17.6254,"1/06/2021","",NA,"","",NA,"17.9223","14/06/2021","","18.0451","28/06/2021","",NA,"",NA
562,19.6235,NA,"26°C/1",6,"Kelso","Acropora tenuis",8,"",26,15.6326,"5/05/2021",NA,NA,"","",15.9444,"18/05/2021","",NA,"","",NA,"","",NA,"","",16.2192,"1/06/2021","",NA,"","",NA,"16.2927","14/06/2021","","16.3096","24/06/2021","Sampled due to tissue necrosis on tips",NA,"",NA
9,19.1931,NA,"26°C/1",7,"Kelso","Pocillopora verrucosa",11,"",26,16.7589,"5/05/2021",NA,NA,"","",16.8961,"18/05/2021","",NA,"","",NA,"","",NA,"","",17.2286,"1/06/2021","",NA,"","",NA,"17.571","14/06/2021","","18.0557","28/06/2021","",NA,"",NA
173,19.3372,NA,"26°C/1",9,"Kelso","Acropora hyacinthus",2,"",26,16.8634,"5/05/2021",NA,NA,"","",17.3883,"18/05/2021","",NA,"","",NA,"","",NA,"","",17.9233,"1/06/2021","",NA,"","",NA,"18.3105","14/06/2021","","18.6379","28/06/2021","",NA,"",NA
182,18.4834,NA,"26°C/1",13,"Kelso","Stylophora pistillata",3,"",26,19.5813,"5/05/2021",NA,NA,"","",20.1216,"18/05/2021","",NA,"","",NA,"","",NA,"","",20.812,"1/06/2021","",NA,"","",NA,"21.5868","14/06/2021","","22.3682","28/06/2021","",NA,"",NA
11,19.8274,NA,"26°C/1",14,"Kelso","Acropora tenuis",5,"",26,15.3472,"5/05/2021",NA,NA,"","",15.6676,"18/05/2021","",NA,"","",NA,"","",NA,"","",15.9646,"1/06/2021","",NA,"","",NA,"16.017","14/06/2021","Sampled due to tissue necrosis on tips","","28/06/2021","",NA,"",NA
159,20.5431,NA,"26°C/1",15,"Kelso","Pocillopora verrucosa",4,"",26,21.8562,"5/05/2021",NA,NA,"","",22.1987,"18/05/2021","",NA,"","",NA,"","",NA,"","",22.7594,"1/06/2021","",NA,"","",NA,"23.4572","14/06/2021","","24.321","28/06/2021","",NA,"",NA
32,18.8699,NA,"26°C/1",17,"Kelso","Stylophora pistillata",8,"",26,25.0385,"5/05/2021",NA,NA,"","",25.5527,"18/05/2021","",NA,"","",NA,"","",NA,"","",26.503,"1/06/2021","",NA,"","",NA,"27.6424","14/06/2021","","29.0141","28/06/2021","",NA,"",NA
145,19.0802,NA,"26°C/2",1,"Kelso","Pocillopora verrucosa",8,"",26,24.8366,"5/05/2021",NA,NA,"","",25.0669,"18/05/2021","",NA,"","",NA,"","",NA,"","",25.317,"1/06/2021","",NA,"","",NA,"25.5153","14/06/2021","","25.7958","28/06/2021","",NA,"",NA
355,19.0289,NA,"26°C/2",5,"Kelso","Acropora hyacinthus",5,"",26,17.6496,"5/05/2021",NA,NA,"","",17.8878,"18/05/2021","",NA,"","",NA,"","",NA,"","",18.146,"1/06/2021","",NA,"","",NA,"18.4665","14/06/2021","","18.839","28/06/2021","",NA,"",NA
113,17.8846,NA,"26°C/2",7,"Kelso","Stylophora pistillata",2,"",26,24.1721,"5/05/2021",NA,NA,"","",24.5259,"18/05/2021","",NA,"","",NA,"","",NA,"","",25.0243,"1/06/2021","",NA,"","",NA,"25.5033","14/06/2021","","25.8652","28/06/2021","",NA,"",NA
338,20.1448,NA,"26°C/2",8,"Kelso","Acropora tenuis",4,"",26,15.5153,"5/05/2021",NA,NA,"","",15.7769,"18/05/2021","",NA,"","",NA,"","",NA,"","",15.9981,"1/06/2021","",NA,"","",NA,"16.1363","14/06/2021","","16.1833","28/06/2021","",NA,"",NA
55,20.2947,NA,"26°C/2",9,"Kelso","Pocillopora verrucosa",6,"",26,21.7301,"5/05/2021",NA,NA,"","",21.8922,"18/05/2021","",NA,"","",NA,"","",NA,"","",22.0549,"1/06/2021","",NA,"","",NA,"22.2924","14/06/2021","","22.6546","28/06/2021","",NA,"",NA
319,19.4063,NA,"26°C/2",10,"Kelso","Acropora hyacinthus",6,"",26,19.0666,"5/05/2021",NA,NA,"","",19.3369,"18/05/2021","",NA,"","",NA,"","",NA,"","",19.6078,"1/06/2021","",NA,"","",NA,"19.864","14/06/2021","","20.1063","28/06/2021","",NA,"",NA
202,19.4876,NA,"26°C/2",12,"Kelso","Acropora tenuis",7,"",26,19.1692,"5/05/2021",NA,NA,"","",19.7252,"18/05/2021","",NA,"","",NA,"","",NA,"","",20.2516,"1/06/2021","",NA,"","",NA,"20.7025","14/06/2021","","21.0055","28/06/2021","",NA,"",NA
239,18.6525,NA,"26°C/2",13,"Kelso","Stylophora pistillata",5,"",26,22.0601,"5/05/2021",NA,NA,"","",22.3642,"18/05/2021","",NA,"","",NA,"","",NA,"","",22.71,"1/06/2021","",NA,"","",NA,"23.1003","14/06/2021","","23.5097","28/06/2021","",NA,"",NA
191,19.342,NA,"26°C/2",14,"Kelso","Acropora hyacinthus",10,"",26,19.4853,"5/05/2021",NA,NA,"","",19.9146,"18/05/2021","",NA,"","",NA,"","",NA,"","",20.1873,"1/06/2021","",NA,"","",NA,"20.6186","14/06/2021","","20.983","28/06/2021","",NA,"",NA
295,18.8371,NA,"26°C/2",15,"Kelso","Stylophora pistillata",13,"",26,21.4682,"5/05/2021",NA,NA,"","",21.563,"18/05/2021","",NA,"","",NA,"","",NA,"","",21.6066,"1/06/2021","",NA,"","",NA,"21.6377","14/06/2021","","21.6656","28/06/2021","",NA,"",NA
65,19.3114,NA,"26°C/2",16,"Kelso","Acropora tenuis",13,"",26,16.1318,"5/05/2021",NA,NA,"","",16.3421,"18/05/2021","",NA,"","",NA,"","",NA,"","",16.4769,"1/06/2021","",NA,"","",NA,"16.6677","14/06/2021","","16.7947","28/06/2021","",NA,"",NA
87,19.822,NA,"26°C/2",18,"Kelso","Pocillopora verrucosa",5,"",26,24.3,"5/05/2021",NA,NA,"","",24.4812,"18/05/2021","",NA,"","",NA,"","",NA,"","",24.6593,"1/06/2021","",NA,"","",NA,"24.8976","14/06/2021","","25.1957","28/06/2021","",NA,"",NA
128,18.6583,NA,"26°C/3",1,"Kelso","Acropora hyacinthus",7,"",26,18.8355,"5/05/2021",NA,NA,"","",19.1006,"18/05/2021","",NA,"","",NA,"","",NA,"","",19.4921,"1/06/2021","",NA,"","",NA,"19.9027","14/06/2021","","20.3433","28/06/2021","",NA,"",NA
288,18.9091,NA,"26°C/3",2,"Kelso","Pocillopora verrucosa",10,"",26,27.9281,"5/05/2021",NA,NA,"","",28.8419,"18/05/2021","",NA,"","",NA,"","",NA,"","",30.0956,"1/06/2021","",NA,"","",NA,"31.2378","14/06/2021","","32.5374","28/06/2021","",NA,"",NA
305,19.6914,NA,"26°C/3",3,"Kelso","Acropora tenuis",11,"",26,17.8346,"5/05/2021",NA,NA,"","",18.0578,"18/05/2021","",NA,"","",NA,"","",NA,"","",18.3338,"1/06/2021","",NA,"","",NA,"18.6625","14/06/2021","","19.0421","28/06/2021","",NA,"",NA
96,18.9206,NA,"26°C/3",4,"Kelso","Pocillopora verrucosa",13,"",26,24.9313,"5/05/2021",NA,NA,"","",25.359,"18/05/2021","",NA,"","",NA,"","",NA,"","",26.0676,"1/06/2021","",NA,"","",NA,"26.7922","14/06/2021","","27.625","28/06/2021","",NA,"",NA
166,19.7188,NA,"26°C/3",5,"Kelso","Stylophora pistillata",7,"",26,29.9656,"5/05/2021",NA,NA,"","",30.7573,"18/05/2021","",NA,"","",NA,"","",NA,"","",31.6719,"1/06/2021","",NA,"","",NA,"32.4867","14/06/2021","","33.343","28/06/2021","",NA,"",NA
265,19.6071,NA,"26°C/3",8,"Kelso","Acropora hyacinthus",15,"",26,17.3044,"5/05/2021",NA,NA,"","",17.5611,"18/05/2021","",NA,"","",NA,"","",NA,"","",17.8904,"1/06/2021","",NA,"","",NA,"18.2019","14/06/2021","","18.5652","28/06/2021","",NA,"",NA
365,19.0042,NA,"26°C/3",10,"Kelso","Stylophora pistillata",4,"",26,16.1574,"5/05/2021",NA,NA,"","",16.5283,"18/05/2021","",NA,"","",NA,"","",NA,"","",16.8573,"1/06/2021","",NA,"","",NA,"17.1115","14/06/2021","","18.5692","28/06/2021","",NA,"",NA
343,18.4464,NA,"26°C/3",11,"Kelso","Acropora tenuis",1,"",26,18.5059,"5/05/2021",NA,NA,"","",18.8274,"18/05/2021","",NA,"","",NA,"","",NA,"","",19.1808,"1/06/2021","",NA,"","",NA,"19.5024","14/06/2021","","19.846","28/06/2021","",NA,"",NA
599,18.6149,NA,"26°C/3",12,"Kelso","Acropora tenuis",2,"",26,14.5501,"5/05/2021",NA,NA,"","",14.94,"18/05/2021","",NA,"","",NA,"","",NA,"","",15.3519,"1/06/2021","",NA,"","",NA,"15.5111","14/06/2021","","15.5472","28/06/2021","",NA,"",NA
227,18.7834,NA,"26°C/3",13,"Kelso","Pocillopora verrucosa",9,"",26,22.1037,"5/05/2021",NA,NA,"","",22.3416,"18/05/2021","",NA,"","",NA,"","",NA,"","",22.693,"1/06/2021","",NA,"","",NA,"23.1635","14/06/2021","","23.8441","28/06/2021","",NA,"",NA
271,20.0691,NA,"26°C/3",16,"Kelso","Acropora hyacinthus",1,"",26,17.1799,"5/05/2021",NA,NA,"","",18.1997,"18/05/2021","",NA,"","",NA,"","",NA,"","",18.6473,"1/06/2021","",NA,"","",NA,"19.0004","14/06/2021","","19.4724","28/06/2021","",NA,"",NA
627,18.5091,NA,"26°C/3",18,"Kelso","Stylophora pistillata",1,"",26,17.2638,"5/05/2021",NA,NA,"","",17.6231,"18/05/2021","",NA,"","",NA,"","",NA,"","",18.0827,"1/06/2021","",NA,"","",NA,"18.562","14/06/2021","","19.0812","28/06/2021","",NA,"",NA
88,19.4844,NA,"27°C/1",4,"Kelso","Pocillopora verrucosa",5,"",27,21.8919,"5/05/2021",NA,NA,"","",22.1367,"18/05/2021","",NA,"","",NA,"","",NA,"","",22.5642,"1/06/2021","",NA,"","",NA,"22.9995","14/06/2021","","23.5539","28/06/2021","",NA,"",NA
160,20.6282,NA,"27°C/1",5,"Kelso","Pocillopora verrucosa",4,"",27,20.3618,"5/05/2021",NA,NA,"","",20.6313,"18/05/2021","",NA,"","",NA,"","",NA,"","",21.017,"1/06/2021","",NA,"","",NA,"21.4163","14/06/2021","","21.8995","28/06/2021","",NA,"",NA
213,20.0822,NA,"27°C/1",6,"Kelso","Pocillopora verrucosa",12,"",27,22.3683,"5/05/2021",NA,NA,"","",22.5187,"18/05/2021","",NA,"","",NA,"","",NA,"","",22.6936,"1/06/2021","",NA,"","",NA,"22.8835","14/06/2021","","23.1464","28/06/2021","",NA,"",NA
369,20.3059,NA,"27°C/1",7,"Kelso","Stylophora pistillata",4,"",27,19.686,"5/05/2021",NA,NA,"","",20.2234,"18/05/2021","",NA,"","",NA,"","",NA,"","",20.7465,"1/06/2021","",NA,"","",NA,"21.1984","14/06/2021","","21.5558","28/06/2021","",NA,"",NA
44,18.834,NA,"27°C/1",8,"Kelso","Acropora hyacinthus",11,"",27,17.7385,"5/05/2021",NA,NA,"","",18.227,"18/05/2021","",NA,"","",NA,"","",NA,"","",18.5872,"1/06/2021","",NA,"","",NA,"18.8955","14/06/2021","","19.362","28/06/2021","",NA,"",NA
322,19.1729,NA,"27°C/1",9,"Kelso","Stylophora pistillata",9,"",27,18.5611,"5/05/2021",NA,NA,"","",18.908,"18/05/2021","",NA,"","",NA,"","",NA,"","",19.3503,"1/06/2021","",NA,"","",NA,"19.8591","14/06/2021","","20.5288","28/06/2021","",NA,"",NA
621,18.9047,NA,"27°C/1",10,"Kelso","Stylophora pistillata",1,"",27,19.107,"5/05/2021",NA,NA,"","",19.4233,"18/05/2021","",NA,"","",NA,"","",NA,"","",19.7493,"1/06/2021","",NA,"","",NA,"20.1584","14/06/2021","","20.6375","28/06/2021","",NA,"",NA
198,20.2585,NA,"27°C/1",12,"Kelso","Acropora hyacinthus",10,"",27,16.6778,"5/05/2021",NA,NA,"","",17.2044,"18/05/2021","",NA,"","",NA,"","",NA,"","",17.698,"1/06/2021","",NA,"","",NA,"18.1687","14/06/2021","","18.7353","28/06/2021","",NA,"",NA
339,18.9211,NA,"27°C/1",13,"Kelso","Acropora tenuis",4,"",27,14.6301,"5/05/2021",NA,NA,"","",14.7516,"18/05/2021","",NA,"","",NA,"","",NA,"","",14.9576,"1/06/2021","",NA,"","",NA,"15.0444","14/06/2021","","15.0766","23/06/2021","tissue sloughing - exposed skeleton",NA,"",NA
600,18.363,NA,"27°C/1",14,"Kelso","Acropora tenuis",2,"",27,12.1314,"5/05/2021",NA,NA,"","",12.3316,"18/05/2021","",NA,"","",NA,"","",NA,"","",12.5183,"1/06/2021","",NA,"","",NA,"12.6886","14/06/2021","","12.8531","28/06/2021","",NA,"",NA
108,19.9848,NA,"27°C/1",15,"Kelso","Acropora tenuis",6,"",27,17.0175,"5/05/2021",NA,NA,"","",17.3391,"18/05/2021","",NA,"","",NA,"","",NA,"","",17.6022,"1/06/2021","",NA,"","",NA,"17.8512","14/06/2021","","18.1645","28/06/2021","",NA,"",NA
172,20.1541,NA,"27°C/1",18,"Kelso","Acropora hyacinthus",2,"",27,17.6155,"5/05/2021",NA,NA,"","",18.1289,"18/05/2021","",NA,"","",NA,"","",NA,"","",18.5947,"1/06/2021","",NA,"","",NA,"18.9095","14/06/2021","","19.1825","28/06/2021","",NA,"",NA
569,19.7888,NA,"27°C/2",2,"Kelso","Acropora tenuis",8,"",27,14.1188,"5/05/2021",NA,NA,"","",14.3749,"19/05/2021","",NA,"","",NA,"","",NA,"","",14.5526,"1/06/2021","",NA,"","",NA,"14.6281","14/06/2021","","14.6632","28/06/2021","",NA,"",NA
59,18.8009,NA,"27°C/2",3,"Kelso","Pocillopora verrucosa",6,"",27,28.1275,"5/05/2021",NA,NA,"","",28.7415,"19/05/2021","",NA,"","",NA,"","",NA,"","",29.6618,"1/06/2021","",NA,"","",NA,"30.5706","14/06/2021","","31.5026","28/06/2021","",NA,"",NA
112,20.3262,NA,"27°C/2",4,"Kelso","Stylophora pistillata",2,"",27,23.5051,"5/05/2021",NA,NA,"","",24.0571,"19/05/2021","",NA,"","",NA,"","",NA,"","",24.5485,"1/06/2021","",NA,"","",NA,"24.9705","14/06/2021","","25.3759","28/06/2021","",NA,"",NA
141,19.7185,NA,"27°C/2",5,"Kelso","Pocillopora verrucosa",8,"",27,27.0607,"5/05/2021",NA,NA,"","",27.4009,"19/05/2021","",NA,"","",NA,"","",NA,"","",27.7339,"1/06/2021","",NA,"","",NA,"28.083","14/06/2021","","28.5688","28/06/2021","",NA,"",NA
184,17.6252,NA,"27°C/2",6,"Kelso","Stylophora pistillata",3,"",27,23.374,"5/05/2021",NA,NA,"","",24.2752,"19/05/2021","",NA,"","",NA,"","",NA,"","",25.4659,"1/06/2021","",NA,"","",NA,"26.6516","14/06/2021","","27.8662","28/06/2021","",NA,"",NA
2,19.9268,NA,"27°C/2",8,"Kelso","Pocillopora verrucosa",11,"",27,20.2908,"5/05/2021",NA,NA,"","",20.701,"19/05/2021","",NA,"","",NA,"","",NA,"","",21.2817,"1/06/2021","",NA,"","",NA,"21.8534","14/06/2021","","22.5216","28/06/2021","",NA,"",NA
308,19.8115,NA,"27°C/2",9,"Kelso","Acropora tenuis",11,"",27,16.4886,"5/05/2021",NA,NA,"","",16.877,"19/05/2021","",NA,"","",NA,"","",NA,"","",17.2624,"1/06/2021","",NA,"","",NA,"17.7228","14/06/2021","","18.2009","28/06/2021","",NA,"",NA
162,19.5227,NA,"27°C/2",11,"Kelso","Stylophora pistillata",7,"",27,24.7693,"5/05/2021",NA,NA,"","",25.4098,"19/05/2021","",NA,"","",NA,"","",NA,"","",26.1791,"1/06/2021","",NA,"","",NA,"26.9989","14/06/2021","","27.9511","28/06/2021","",NA,"",NA
316,20.1131,NA,"27°C/2",12,"Kelso","Acropora hyacinthus",6,"",27,20.037,"5/05/2021",NA,NA,"","",20.706,"19/05/2021","",NA,"","",NA,"","",NA,"","",21.3368,"1/06/2021","",NA,"","",NA,"21.8905","14/06/2021","","22.4803","28/06/2021","",NA,"",NA
354,19.0431,NA,"27°C/2",13,"Kelso","Acropora hyacinthus",5,"",27,16.4754,"5/05/2021",NA,NA,"","",17.0833,"19/05/2021","",NA,"","",NA,"","",NA,"","",17.7571,"1/06/2021","",NA,"","",NA,"18.3669","14/06/2021","","18.9555","28/06/2021","",NA,"",NA
344,19.4602,NA,"27°C/2",15,"Kelso","Acropora tenuis",1,"",27,15.9919,"5/05/2021",NA,NA,"","",16.2959,"19/05/2021","",NA,"","",NA,"","",NA,"","",16.5587,"1/06/2021","",NA,"","",NA,"16.786","14/06/2021","","16.996","28/06/2021","",NA,"",NA
273,18.6562,NA,"27°C/2",16,"Kelso","Acropora hyacinthus",1,"",27,16.2544,"5/05/2021",NA,NA,"","",16.8186,"19/05/2021","",NA,"","",NA,"","",NA,"","",17.3727,"1/06/2021","",NA,"","",NA,"17.8072","14/06/2021","","18.282","28/06/2021","",NA,"",NA
282,19.539,NA,"27°C/3",1,"Kelso","Pocillopora verrucosa",10,"",27,22.4712,"5/05/2021",NA,NA,"","",23.1167,"19/05/2021","",NA,"","",NA,"","",NA,"","",23.95,"1/06/2021","",NA,"","",NA,"24.6237","14/06/2021","","25.1863","28/06/2021","",NA,"",NA
223,19.3042,NA,"27°C/3",2,"Kelso","Pocillopora verrucosa",9,"",27,24.1516,"5/05/2021",NA,NA,"","",24.4445,"19/05/2021","",NA,"","",NA,"","",NA,"","",24.7565,"1/06/2021","",NA,"","",NA,"25.1308","14/06/2021","","25.579","28/06/2021","",NA,"",NA
13,19.1245,NA,"27°C/3",3,"Kelso","Acropora tenuis",5,"",27,15.7342,"5/05/2021",NA,NA,"","",16.1508,"19/05/2021","",NA,"","",NA,"","",NA,"","",16.4959,"1/06/2021","",NA,"","",NA,"16.7067","14/06/2021","","16.8464","28/06/2021","",NA,"",NA
62,18.6542,NA,"27°C/3",4,"Kelso","Acropora tenuis",13,"",27,16.3633,"5/05/2021",NA,NA,"","",16.7587,"19/05/2021","",NA,"","",NA,"","",NA,"","",17.0892,"1/06/2021","",NA,"","",NA,"17.3902","14/06/2021","","17.6489","28/06/2021","",NA,"",NA
127,18.3989,NA,"27°C/3",7,"Kelso","Acropora hyacinthus",7,"",27,19.6573,"5/05/2021",NA,NA,"","",20.1955,"19/05/2021","",NA,"","",NA,"","",NA,"","",20.7666,"1/06/2021","",NA,"","",NA,"21.3296","14/06/2021","","21.8485","28/06/2021","",NA,"",NA
98,19.9423,NA,"27°C/3",10,"Kelso","Pocillopora verrucosa",13,"",27,22.2857,"5/05/2021",NA,NA,"","",22.7115,"19/05/2021","",NA,"","",NA,"","",NA,"","",23.204,"1/06/2021","",NA,"","",NA,"23.539","14/06/2021","","23.8589","28/06/2021","",NA,"",NA
26,18.4188,NA,"27°C/3",11,"Kelso","Acropora hyacinthus",14,"",27,15.7254,"5/05/2021",NA,NA,"","",16.2896,"19/05/2021","",NA,"","",NA,"","",NA,"","",16.8273,"1/06/2021","",NA,"","",NA,"17.2787","14/06/2021","","17.7611","28/06/2021","",NA,"",NA
29,19.228,NA,"27°C/3",12,"Kelso","Stylophora pistillata",8,"",27,22.4677,"5/05/2021",NA,NA,"","",23.2524,"19/05/2021","",NA,"","",NA,"","",NA,"","",24.1603,"1/06/2021","",NA,"","",NA,"25.2376","14/06/2021","","26.1578","28/06/2021","",NA,"",NA
237,18.1403,NA,"27°C/3",13,"Kelso","Stylophora pistillata",5,"",27,18.9996,"5/05/2021",NA,NA,"","",19.3603,"19/05/2021","",NA,"","",NA,"","",NA,"","",19.735,"1/06/2021","",NA,"","",NA,"20.09","14/06/2021","","20.5193","28/06/2021","",NA,"",NA
294,18.9146,NA,"27°C/3",14,"Kelso","Stylophora pistillata",13,"",27,19.7189,"5/05/2021",NA,NA,"","",19.853,"19/05/2021","",NA,"","",NA,"","",NA,"","",19.9252,"1/06/2021","",NA,"","",NA,"19.9626","14/06/2021","","20.0087","28/06/2021","",NA,"",NA
264,18.9823,NA,"27°C/3",15,"Kelso","Acropora hyacinthus",15,"",27,15.9245,"5/05/2021",NA,NA,"","",16.3436,"19/05/2021","",NA,"","",NA,"","",NA,"","",16.6331,"1/06/2021","",NA,"","",NA,"16.7972","14/06/2021","","17.0041","28/06/2021","",NA,"",NA
207,20.163,NA,"27°C/3",18,"Kelso","Acropora tenuis",7,"",27,15.023,"5/05/2021",NA,NA,"","",15.6039,"19/05/2021","",NA,"","",NA,"","",NA,"","",15.8626,"1/06/2021","",15.8512,"7/06/2021","Sampled due to tissue necrosis on tips",NA,NA,"14/06/2021","",NA,"28/06/2021","",NA,"",NA
114,19.3937,NA,"28°C/1",1,"Kelso","Stylophora pistillata",2,"",28,23.4713,"5/05/2021",NA,NA,"","",24.3292,"19/05/2021","",NA,"","",NA,"","",NA,"","",25.1904,"1/06/2021","",NA,"","",NA,"26.122","15/06/2021","","26.9585","29/06/2021","",NA,"",NA
270,19.1706,NA,"28°C/1",3,"Kelso","Acropora hyacinthus",15,"",28,18.5615,"5/05/2021",NA,NA,"","",18.8885,"19/05/2021","",NA,"","",NA,"","",NA,"","",19.2063,"1/06/2021","",NA,"","",NA,"19.5305","15/06/2021","","19.8828","29/06/2021","",NA,"",NA
99,19.2171,NA,"28°C/1",4,"Kelso","Pocillopora verrucosa",13,"",28,21.5432,"5/05/2021",NA,NA,"","",22.2242,"19/05/2021","",NA,"","",NA,"","",NA,"","",23.0601,"1/06/2021","",NA,"","",NA,"23.8738","15/06/2021","","24.9552","29/06/2021","",NA,"",NA
287,19.155,NA,"28°C/1",5,"Kelso","Pocillopora verrucosa",10,"",28,26.5002,"5/05/2021",NA,NA,"","",27.0378,"19/05/2021","",NA,"","",NA,"","",NA,"","",28.0657,"1/06/2021","",NA,"","",NA,"29.1104","15/06/2021","","30.2723","29/06/2021","",NA,"",NA
66,19.9697,NA,"28°C/1",7,"Kelso","Acropora tenuis",13,"",28,14.6236,"5/05/2021",NA,NA,"","",15.0224,"19/05/2021","",NA,"","",NA,"","",NA,"","",15.2857,"1/06/2021","",NA,"","",NA,"15.3371","15/06/2021","","15.376","24/06/2021","Sampled due to tissue necrosis on tips",NA,"",NA
363,18.8687,NA,"28°C/1",8,"Kelso","Stylophora pistillata",4,"",28,14.5896,"5/05/2021",NA,NA,"","",15.1523,"19/05/2021","",NA,"","",NA,"","",NA,"","",15.7336,"1/06/2021","",NA,"","",NA,"16.3421","15/06/2021","","16.9141","29/06/2021","",NA,"",NA
325,19.5278,NA,"28°C/1",9,"Kelso","Stylophora pistillata",9,"",28,24.3205,"5/05/2021",NA,NA,"","",24.7699,"19/05/2021","",NA,"","",NA,"","",NA,"","",25.3244,"1/06/2021","",NA,"","",NA,"26.0841","15/06/2021","","27.022","29/06/2021","",NA,"",NA
360,18.3922,NA,"28°C/1",10,"Kelso","Acropora hyacinthus",5,"",28,16.7489,"5/05/2021",NA,NA,"","",17.1936,"19/05/2021","",NA,"","",NA,"","",NA,"","",17.8087,"1/06/2021","",NA,"","",NA,"18.3788","15/06/2021","","18.9295","29/06/2021","",NA,"",NA
332,18.7424,NA,"28°C/1",11,"Kelso","Acropora tenuis",4,"",28,15.8557,"5/05/2021",NA,NA,"","",16.2384,"19/05/2021","",NA,"","",NA,"","",NA,"","",16.5347,"1/06/2021","",NA,"","",NA,"16.6926","15/06/2021","","16.8017","29/06/2021","",NA,"",NA
217,20.43,NA,"28°C/1",15,"Kelso","Pocillopora verrucosa",12,"",28,25.8533,"5/05/2021",NA,NA,"","",26.1445,"19/05/2021","",NA,"","",NA,"","",NA,"","",26.5718,"1/06/2021","",NA,"","",NA,"27.0625","15/06/2021","","27.7133","29/06/2021","",NA,"",NA
567,18.9824,NA,"28°C/1",16,"Kelso","Acropora tenuis",8,"",28,14.2272,"5/05/2021",NA,NA,"","",14.5237,"19/05/2021","",NA,"","",NA,"","",NA,"","",14.6913,"1/06/2021","",NA,"","",NA,"14.7294","15/06/2021","","14.7686","29/06/2021","",NA,"",NA
314,19.8405,NA,"28°C/1",18,"Kelso","Acropora hyacinthus",6,"",28,19.3536,"5/05/2021",NA,NA,"","",20.0333,"19/05/2021","",NA,"","",NA,"","",NA,"","",20.5554,"1/06/2021","",NA,"","",NA,"20.9535","15/06/2021","","21.5715","29/06/2021","",NA,"",NA
82,19.2622,NA,"28°C/2",1,"Kelso","Pocillopora verrucosa",5,"",28,27.9332,"5/05/2021",NA,NA,"","",28.3036,"19/05/2021","",NA,"","",NA,"","",NA,"","",28.807,"1/06/2021","",NA,"","",NA,"29.3179","15/06/2021","","29.828","29/06/2021","",NA,"",NA
6,20.5014,NA,"28°C/2",2,"Kelso","Pocillopora verrucosa",11,"",28,18.4902,"5/05/2021",NA,NA,"","",18.9,"19/05/2021","",NA,"","",NA,"","",NA,"","",19.3715,"1/06/2021","",NA,"","",NA,"19.9888","15/06/2021","","20.7424","29/06/2021","",NA,"",NA
179,19.2545,NA,"28°C/2",3,"Kelso","Acropora hyacinthus",2,"",28,17.525,"5/05/2021",NA,NA,"","",17.8475,"19/05/2021","",NA,"","",NA,"","",NA,"","",18.146,"1/06/2021","",NA,"","",NA,"18.3455","15/06/2021","","18.5093","29/06/2021","",NA,"",NA
149,18.7121,NA,"28°C/2",4,"Kelso","Pocillopora verrucosa",8,"",28,27.718,"5/05/2021",NA,NA,"","",28.1426,"19/05/2021","",NA,"","",NA,"","",NA,"","",28.5668,"1/06/2021","",NA,"","",NA,"29.0961","15/06/2021","","29.7602","29/06/2021","",NA,"",NA
346,18.2058,NA,"28°C/2",6,"Kelso","Acropora tenuis",1,"",28,19.8472,"5/05/2021",NA,NA,"","",20.2548,"19/05/2021","",NA,"","",NA,"","",NA,"","",20.7598,"1/06/2021","",NA,"","",NA,"21.244","15/06/2021","","21.6568","29/06/2021","",NA,"",NA
125,20.6339,NA,"28°C/2",7,"Kelso","Acropora hyacinthus",7,"",28,20.3154,"5/05/2021",NA,NA,"","",20.7557,"19/05/2021","",NA,"","",NA,"","",NA,"","",21.2492,"1/06/2021","",NA,"","",NA,"21.6806","15/06/2021","","22.1703","29/06/2021","",NA,"",NA
33,19.6641,NA,"28°C/2",9,"Kelso","Stylophora pistillata",8,"",28,24.0373,"5/05/2021",NA,NA,"","",24.8553,"19/05/2021","",NA,"","",NA,"","",NA,"","",26.1073,"1/06/2021","Not a typo, double-checked weight at time t=3",NA,"","",NA,"27.582","15/06/2021","","29.1066","29/06/2021","",NA,"",NA
624,19.1953,NA,"28°C/2",11,"Kelso","Stylophora pistillata",1,"",28,25.0061,"5/05/2021",NA,NA,"","",25.7391,"19/05/2021","",NA,"","",NA,"","",NA,"","",26.7404,"1/06/2021","",NA,"","",NA,"27.9582","15/06/2021","","29..1016","29/06/2021","",NA,"",NA
598,18.4073,NA,"28°C/2",14,"Kelso","Acropora tenuis",2,"",28,13.612,"5/05/2021",NA,NA,"","",13.922,"19/05/2021","",NA,"","",NA,"","",NA,"","",14.2472,"1/06/2021","",NA,"","",NA,"14.4642","15/06/2021","","14.5697","29/06/2021","",NA,"",NA
196,19.6202,NA,"28°C/2",15,"Kelso","Acropora hyacinthus",10,"",28,15.4063,"5/05/2021",NA,NA,"","",15.8361,"19/05/2021","",NA,"","",NA,"","",NA,"","",16.199,"1/06/2021","",NA,"","",NA,"16.6371","15/06/2021","","16.9948","29/06/2021","",NA,"",NA
210,19.7216,NA,"28°C/2",17,"Kelso","Acropora tenuis",7,"",28,15.0262,"5/05/2021",NA,NA,"","",15.4881,"19/05/2021","",NA,"","",NA,"","",NA,"","",15.6269,"1/06/2021","",15.6267,"7/06/2021","Sampled due to tissue necrosis on tips",NA,"","","",NA,"29/06/2021","",NA,"",NA
298,18.5337,NA,"28°C/2",18,"Kelso","Stylophora pistillata",13,"",28,16.0804,"5/05/2021",NA,NA,"","",16.2043,"19/05/2021","",NA,"","",NA,"","",NA,"","",16.2608,"1/06/2021","",NA,"","",NA,"16.2818","15/06/2021","","16.3192","29/06/2021","",NA,"",NA
51,20.1677,NA,"28°C/3",1,"Kelso","Pocillopora verrucosa",6,"",28,26.9287,"6/05/2021",NA,NA,"","",27.4101,"19/05/2021","",NA,"","",NA,"","",NA,"","",28.076,"1/06/2021","",NA,"","",NA,"28.8249","15/06/2021","","29.7915","29/06/2021","",NA,"",NA
21,17.9603,NA,"28°C/3",3,"Kelso","Acropora hyacinthus",14,"",28,20.5123,"6/05/2021",NA,NA,"","",20.6857,"19/05/2021","",NA,"","",NA,"","",NA,"","",20.9705,"1/06/2021","",NA,"","",NA,"21.268","15/06/2021","","21.6536","29/06/2021","",NA,"",NA
183,18.2649,NA,"28°C/3",4,"Kelso","Stylophora pistillata",3,"",28,19.689,"6/05/2021",NA,NA,"","",20.2814,"19/05/2021","",NA,"","",NA,"","",NA,"","",20.9732,"1/06/2021","",NA,"","",NA,"21.5687","15/06/2021","","22.139","29/06/2021","",NA,"",NA
279,17.8607,NA,"28°C/3",5,"Kelso","Acropora hyacinthus",1,"",28,15.3368,"6/05/2021",NA,NA,"","",15.75,"19/05/2021","",NA,"","",NA,"","",NA,"","",16.0868,"1/06/2021","",NA,"","",NA,"16.4018","15/06/2021","","16.7788","29/06/2021","",NA,"",NA
301,19.0552,NA,"28°C/3",7,"Kelso","Acropora tenuis",11,"",28,17.8702,"6/05/2021",NA,NA,"","",18.2841,"19/05/2021","",NA,"","",NA,"","",NA,"","",18.6624,"1/06/2021","",NA,"","",NA,"19.121","15/06/2021","","19.6728","29/06/2021","",NA,"",NA
18,19.3649,NA,"28°C/3",9,"Kelso","Acropora tenuis",5,"",28,14.5264,"6/05/2021",NA,NA,"","",14.7612,"19/05/2021","",NA,"","",NA,"","",NA,"","",14.8743,"1/06/2021","",14.8769,"11/06/2021","Sampled due to tissue necrosis and sloughing",NA,"","","",NA,"29/06/2021","",NA,"",NA
101,18.932,NA,"28°C/3",10,"Kelso","Acropora tenuis",6,"",28,17.4481,"6/05/2021",NA,NA,"","",17.8194,"19/05/2021","",NA,"","",NA,"","",NA,"","",18.0615,"1/06/2021","",NA,"","",NA,"18.2331","15/06/2021","","18.3947","29/06/2021","",NA,"",NA
230,20.4576,NA,"28°C/3",12,"Kelso","Pocillopora verrucosa",9,"",28,19.2978,"6/05/2021",NA,NA,"","",19.5371,"19/05/2021","",NA,"","",NA,"","",NA,"","",19.7612,"1/06/2021","",NA,"","",NA,"20.0374","15/06/2021","","20.4275","29/06/2021","",NA,"",NA
238,19.6117,NA,"28°C/3",14,"Kelso","Stylophora pistillata",5,"",28,26.2647,"6/05/2021",NA,NA,"","",26.8207,"19/05/2021","",NA,"","",NA,"","",NA,"","",27.5242,"1/06/2021","",NA,"","",NA,"28.4422","15/06/2021","","29.6531","29/06/2021","",NA,"",NA
154,18.0384,NA,"28°C/3",15,"Kelso","Pocillopora verrucosa",4,"",28,21.6883,"6/05/2021",NA,NA,"","",22.0278,"19/05/2021","",NA,"","",NA,"","",NA,"","",22.4179,"1/06/2021","",NA,"","",NA,"22.7849","15/06/2021","","23.3281","29/06/2021","",NA,"",NA
47,20.1658,NA,"28°C/3",16,"Kelso","Acropora hyacinthus",11,"",28,17.399,"6/05/2021",NA,NA,"","",17.9391,"19/05/2021","",NA,"","",NA,"","",NA,"","",18.5254,"1/06/2021","",NA,"","",NA,"18.9539","15/06/2021","","19.1878","29/06/2021","",NA,"",NA
169,18.868,NA,"28°C/3",17,"Kelso","Stylophora pistillata",7,"",28,22.3875,"6/05/2021",NA,NA,"","",22.7508,"19/05/2021","",NA,"","",NA,"","",NA,"","",23.2453,"1/06/2021","",NA,"","",NA,"23.7016","15/06/2021","","24.2351","29/06/2021","",NA,"",NA
321,19.9042,NA,"29°C/1",1,"Kelso","Stylophora pistillata",9,"",29,19.1655,"6/05/2021",NA,NA,"","",19.6037,"19/05/2021","",NA,"","",NA,"","",NA,"","",20.2462,"2/06/2021","",NA,"","",NA,"20.9098","15/06/2021","","21.5458","29/06/2021","",NA,"",NA
100,20.4355,NA,"29°C/1",2,"Kelso","Pocillopora verrucosa",13,"",29,21.7165,"6/05/2021",NA,NA,"","",22.342,"19/05/2021","",NA,"","",NA,"","",NA,"","",23.2325,"2/06/2021","",NA,"","",NA,"23.9218","15/06/2021","","24.8287","29/06/2021","",NA,"",NA
119,19.3328,NA,"29°C/1",3,"Kelso","Stylophora pistillata",2,"",29,20.9478,"6/05/2021",NA,NA,"","",21.5339,"19/05/2021","",NA,"","",NA,"","",NA,"","",22.3039,"2/06/2021","",NA,"","",NA,"22.9337","15/06/2021","","23.5042","29/06/2021","",NA,"",NA
221,18.6752,NA,"29°C/1",4,"Kelso","Pocillopora verrucosa",9,"",29,19.0117,"6/05/2021",NA,NA,"","",19.3913,"19/05/2021","",NA,"","",NA,"","",NA,"","",19.9119,"2/06/2021","",NA,"","",NA,"20.4299","15/06/2021","","21.0331","29/06/2021","",NA,"",NA
353,19.274,NA,"29°C/1",7,"Kelso","Acropora hyacinthus",5,"",29,19.944,"6/05/2021",NA,NA,"","",20.7124,"19/05/2021","",NA,"","",NA,"","",NA,"","",21.5057,"2/06/2021","",NA,"","",NA,"22.2945","15/06/2021","","22.9181","29/06/2021","",NA,"",NA
175,20.1554,NA,"29°C/1",9,"Kelso","Acropora hyacinthus",2,"",29,18.6783,"6/05/2021",NA,NA,"","",19.2422,"19/05/2021","",NA,"","",NA,"","",NA,"","",19.7872,"2/06/2021","",NA,"","",NA,"20.1401","15/06/2021","","20.4748","29/06/2021","",NA,"",NA
61,20.0724,NA,"29°C/1",10,"Kelso","Acropora tenuis",13,"",29,17.3243,"6/05/2021",NA,NA,"","",17.4594,"19/05/2021","",NA,"","",NA,"","",NA,"","",17.4559,"2/06/2021","",NA,"","",NA,"17.4572","15/06/2021","","17.4644","29/06/2021","",NA,"",NA
345,19.3254,NA,"29°C/1",12,"Kelso","Acropora tenuis",1,"",29,17.2011,"6/05/2021",NA,NA,"","",17.4636,"19/05/2021","",NA,"","",NA,"","",NA,"","",17.734,"2/06/2021","",NA,"","",NA,"17.9068","15/06/2021","","18.0547","29/06/2021","",NA,"",NA
104,19.6103,NA,"29°C/1",15,"Kelso","Acropora tenuis",6,"",29,16.9755,"6/05/2021",NA,NA,"","",17.3806,"19/05/2021","",NA,"","",NA,"","",NA,"","",17.8525,"2/06/2021","",NA,"","",NA,"18.2515","15/06/2021","","18.5757","29/06/2021","",NA,"",NA
181,19.2783,NA,"29°C/1",16,"Kelso","Stylophora pistillata",3,"",29,21.4666,"6/05/2021",NA,NA,"","",22.1092,"19/05/2021","",NA,"","",NA,"","",NA,"","",23.1393,"2/06/2021","",NA,"","",NA,"24.132","15/06/2021","","25.1766","29/06/2021","",NA,"",NA
48,18.9193,NA,"29°C/1",17,"Kelso","Acropora hyacinthus",11,"",29,16.329,"6/05/2021",NA,NA,"","",16.912,"19/05/2021","",NA,"","",NA,"","",NA,"","",17.4589,"2/06/2021","",NA,"","",NA,"17.8216","15/06/2021","","18.0933","29/06/2021","",NA,"",NA
152,19.4256,NA,"29°C/1",18,"Kelso","Pocillopora verrucosa",4,"",29,24.7835,"6/05/2021",NA,NA,"","",25.488,"19/05/2021","",NA,"","",NA,"","",NA,"","",26.5917,"2/06/2021","",NA,"","",NA,"27.619","15/06/2021","","28.7984","29/06/2021","",NA,"",NA
564,10.0252,NA,"29°C/2",2,"Kelso","Acropora tenuis",8,"",29,17.2483,"6/05/2021",NA,NA,"","",17.6757,"19/05/2021","",NA,"","",NA,"","",NA,"","",17.921,"2/06/2021","",NA,"","",NA,"17.9911","15/06/2021","","18.0628","29/06/2021","",NA,"",NA
311,18.679,NA,"29°C/2",3,"Kelso","Acropora hyacinthus",6,"",29,17.5664,"6/05/2021",NA,NA,"","",18.0695,"19/05/2021","",NA,"","",NA,"","",NA,"","",18.6399,"2/06/2021","",NA,"","",NA,"19.1926","15/06/2021","","19.7273","29/06/2021","",NA,"",NA
299,19.1259,NA,"29°C/2",5,"Kelso","Stylophora pistillata",13,"",29,19.5894,"6/05/2021",NA,NA,"","",19.6973,"19/05/2021","",NA,"","",NA,"","",NA,"","",19.7772,"2/06/2021","",NA,"","",NA,"19.8246","15/06/2021","","18.8507","29/06/2021","",NA,"",NA
290,18.8893,NA,"29°C/2",7,"Kelso","Pocillopora verrucosa",10,"",29,22.419,"6/05/2021",NA,NA,"","",23.1022,"19/05/2021","",NA,"","",NA,"","",NA,"","",24.3614,"2/06/2021","",NA,"","",NA,"25.7008","15/06/2021","","27.2914","29/06/2021","",NA,"",NA
20,18.9483,NA,"29°C/2",10,"Kelso","Acropora hyacinthus",14,"",29,15.4099,"6/05/2021",NA,NA,"","",15.825,"19/05/2021","",NA,"","",NA,"","",NA,"","",16.1695,"2/06/2021","",NA,"","",NA,"16.6219","15/06/2021","","17.1964","29/06/2021","",NA,"",NA
219,19.2738,NA,"29°C/2",11,"Kelso","Pocillopora verrucosa",12,"",29,22.1048,"6/05/2021",NA,NA,"","",22.3,"19/05/2021","",NA,"","",NA,"","",NA,"","",22.5787,"2/06/2021","",NA,"","",NA,"22.9614","15/06/2021","","20.9984","29/06/2021","",NA,"",NA
143,18.5894,NA,"29°C/2",12,"Kelso","Pocillopora verrucosa",8,"",29,23.0823,"6/05/2021",NA,NA,"","",23.3796,"19/05/2021","",NA,"","",NA,"","",NA,"","",23.7386,"2/06/2021","",NA,"","",NA,"24.1202","15/06/2021","","24.6384","29/06/2021","",NA,"",NA
331,18.8934,NA,"29°C/2",14,"Kelso","Acropora tenuis",4,"",29,14.6971,"6/05/2021",NA,NA,"","",15.1242,"19/05/2021","",NA,"","",NA,"","",NA,"","",15.3716,"2/06/2021","",NA,"","",NA,"15.4196","15/06/2021","Sampled due to bleaching and algae",NA,"","",NA,"",NA
597,18.785,NA,"29°C/2",15,"Kelso","Acropora tenuis",2,"",29,15.6648,"6/05/2021",NA,NA,"","",16.0372,"19/05/2021","",NA,"","",NA,"","",NA,"","",16.4704,"2/06/2021","",NA,"","",NA,"16.8643","15/06/2021","","17.202","29/06/2021","",NA,"",NA
277,19.3033,NA,"29°C/2",16,"Kelso","Acropora hyacinthus",1,"",29,16.707,"6/05/2021",NA,NA,"","",17.1078,"19/05/2021","",NA,"","",NA,"","",NA,"","",17.4597,"2/06/2021","",NA,"","",NA,"17.803","15/06/2021","","18.2055","29/06/2021","",NA,"",NA
362,17.9971,NA,"29°C/2",17,"Kelso","Stylophora pistillata",4,"",29,15.6363,"6/05/2021",NA,NA,"","",16.222,"19/05/2021","",NA,"","",NA,"","",NA,"","",17.0939,"2/06/2021","",NA,"","",NA,"17.9967","15/06/2021","","18.9532","29/06/2021","",NA,"",NA
625,18.3524,NA,"29°C/2",18,"Kelso","Stylophora pistillata",1,"",29,18.9482,"6/05/2021",NA,NA,"","",19.2949,"19/05/2021","",NA,"","",NA,"","",NA,"","",19.7148,"2/06/2021","",NA,"","",NA,"20.2542","15/06/2021","","20.8601","29/06/2021","",NA,"",NA
267,19.2044,NA,"29°C/3",1,"Kelso","Acropora hyacinthus",15,"",29,17.2205,"6/05/2021",NA,NA,"","",17.4239,"19/05/2021","",NA,"","",NA,"","",NA,"","",17.6822,"2/06/2021","",NA,"","",NA,"17.8266","15/06/2021","","17.9479","29/06/2021","",NA,"",NA
121,19.8608,NA,"29°C/3",3,"Kelso","Acropora hyacinthus",7,"",29,19.9644,"6/05/2021",NA,NA,"","",20.1203,"19/05/2021","",NA,"","",NA,"","",NA,"","",20.3543,"2/06/2021","",NA,"","",NA,"20.607","15/06/2021","","20.8609","29/06/2021","",NA,"",NA
164,18.4082,NA,"29°C/3",6,"Kelso","Stylophora pistillata",7,"",29,25.835,"6/05/2021",NA,NA,"","",26.2034,"19/05/2021","",NA,"","",NA,"","",NA,"","",26.723,"2/06/2021","",NA,"","",NA,"27.1306","15/06/2021","","27.3558","29/06/2021","",NA,"",NA
54,18.7649,NA,"29°C/3",7,"Kelso","Pocillopora verrucosa",6,"",29,28.0595,"6/05/2021",NA,NA,"","",28.4252,"19/05/2021","",NA,"","",NA,"","",NA,"","",29.0988,"2/06/2021","",NA,"","",NA,"29.818","15/06/2021","","30.4188","29/06/2021","",NA,"",NA
86,18.8714,NA,"29°C/3",8,"Kelso","Pocillopora verrucosa",5,"",29,26.5707,"6/05/2021",NA,NA,"","",26.7447,"19/05/2021","",NA,"","",NA,"","",NA,"","",27.0919,"2/06/2021","",NA,"","",NA,"27.525","15/06/2021","","27.8696","29/06/2021","",NA,"",NA
10,20.3811,NA,"29°C/3",9,"Kelso","Acropora tenuis",5,"",29,15.5838,"6/05/2021",NA,NA,"","",15.9463,"19/05/2021","",NA,"","",NA,"","",NA,"","",16.1617,"2/06/2021","",16.2032,"11/06/2021","Sampled due to tissue necrosis on tips",NA,"","","",NA,"","",NA,"",NA
31,19.6152,NA,"29°C/3",13,"Kelso","Stylophora pistillata",8,"",29,24.7655,"6/05/2021",NA,NA,"","",25.2093,"19/05/2021","",NA,"","",NA,"","",NA,"","",25.7351,"2/06/2021","",NA,"","",NA,"26.2194","15/06/2021","","26.6577","29/06/2021","",NA,"",NA
309,18.1083,NA,"29°C/3",14,"Kelso","Acropora tenuis",11,"",29,17.4308,"6/05/2021",NA,NA,"","",17.7305,"19/05/2021","",NA,"","",NA,"","",NA,"","",18.0278,"2/06/2021","",NA,"","",NA,"18.3043","15/06/2021","","18.5455","29/06/2021","",NA,"",NA
235,19.4048,NA,"29°C/3",15,"Kelso","Stylophora pistillata",5,"",29,22.776,"6/05/2021",NA,NA,"","",23.0686,"19/05/2021","",NA,"","",NA,"","",NA,"","",23.4543,"2/06/2021","",NA,"","",NA,"23.8987","15/06/2021","","24.4184","29/06/2021","",NA,"",NA
205,18.2596,NA,"29°C/3",16,"Kelso","Acropora tenuis",7,"",29,14.389,"6/05/2021",NA,NA,"","",14.7962,"19/05/2021","",NA,"","",NA,"","",NA,"","",14.9096,"2/06/2021","",14.9072,"7/06/2021","Sampled due to tissue necrosis on tips",NA,"","","",NA,"","",NA,"",NA
197,19.9671,NA,"29°C/3",17,"Kelso","Acropora hyacinthus",10,"",29,17.3974,"6/05/2021",NA,NA,"","",17.7972,"19/05/2021","",NA,"","",NA,"","",NA,"","",18.2547,"2/06/2021","",NA,"","",NA,"18.4195","15/06/2021","","18.8258","29/06/2021","",NA,"",NA
8,20.0337,NA,"29°C/3",18,"Kelso","Pocillopora verrucosa",11,"",29,21.5031,"6/05/2021",NA,NA,"","",22.2361,"19/05/2021","",NA,"","",NA,"","",NA,"","",23.1812,"2/06/2021","",NA,"","",NA,"23.931","15/06/2021","","24.4595","29/06/2021","",NA,"",NA
144,19.874,NA,"30°C/1",1,"Kelso","Pocillopora verrucosa",8,"",30,27.3888,"6/05/2021",NA,NA,"","",27.8612,"19/05/2021","",NA,"","",NA,"","",NA,"","",28.389,"2/06/2021","",NA,"","",NA,"28.8368","15/06/2021","","29.3642","29/06/2021","",NA,"",NA
170,19.6489,NA,"30°C/1",2,"Kelso","Stylophora pistillata",7,"",30,22.9761,"6/05/2021",NA,NA,"","",23.2402,"19/05/2021","",NA,"","",NA,"","",NA,"","",23.3469,"2/06/2021","",NA,"","",NA,"23.341","15/06/2021","","23.3358","29/06/2021","",NA,"",NA
240,18.6065,NA,"30°C/1",3,"Kelso","Stylophora pistillata",5,"",30,26.4546,"6/05/2021",NA,NA,"","",26.6863,"19/05/2021","",NA,"","",NA,"","",NA,"","",26.9608,"2/06/2021","",NA,"","",NA,"27.0427","15/06/2021","","27.0794","29/06/2021","",NA,"",NA
336,20.3044,NA,"30°C/1",4,"Kelso","Acropora tenuis",4,"",30,15.1895,"6/05/2021",NA,NA,"","",15.5003,"19/05/2021","",NA,"","",NA,"","",NA,"","",15.6698,"2/06/2021","",NA,"","",NA,"15.6929","15/06/2021","","15.7002","21/06/2021","Sampled due to bleaching and algal growth",NA,"",NA
177,20.2314,NA,"30°C/1",5,"Kelso","Acropora hyacinthus",2,"",30,17.9762,"6/05/2021",NA,NA,"","",18.3134,"19/05/2021","",NA,"","",NA,"","",NA,"","",18.5337,"2/06/2021","",NA,"","",NA,"18.5873","15/06/2021","","18.5931","24/06/2021","Sampled due to bleaching and algal growth",NA,"",NA
190,18.9469,NA,"30°C/1",9,"Kelso","Stylophora pistillata",3,"",30,18.1744,"6/05/2021",NA,NA,"","",18.6203,"19/05/2021","",NA,"","",NA,"","",NA,"","",18.8831,"2/06/2021","",NA,"","",NA,"18.9185","15/06/2021","","18.9232","22/06/2021","Sampled due to bleaching and algal growth",NA,"",NA
304,19.4151,NA,"30°C/1",10,"Kelso","Acropora tenuis",11,"",30,16.3215,"6/05/2021",NA,NA,"","",16.5701,"19/05/2021","",NA,"","",NA,"","",NA,"","",16.7848,"2/06/2021","",NA,"","",NA,"16.8931","15/06/2021","","16.9108","29/06/2021","",NA,"",NA
155,19.0231,NA,"30°C/1",11,"Kelso","Pocillopora verrucosa",4,"",30,24.1403,"6/05/2021",NA,NA,"","",24.6853,"19/05/2021","",NA,"","",NA,"","",NA,"","",25.4447,"2/06/2021","",NA,"","",NA,"26.1353","15/06/2021","","26.65","29/06/2021","",NA,"",NA
215,17.621,NA,"30°C/1",12,"Kelso","Pocillopora verrucosa",12,"",30,30.6349,"6/05/2021",NA,NA,"","",31.0457,"19/05/2021","",NA,"","",NA,"","",NA,"","",31.5702,"2/06/2021","",NA,"","",NA,"32.2337","15/06/2021","","33.0105","29/06/2021","",NA,"",NA
356,19.1733,NA,"30°C/1",13,"Kelso","Acropora hyacinthus",5,"",30,19.3935,"6/05/2021",NA,NA,"","",19.9512,"19/05/2021","",NA,"","",NA,"","",NA,"","",20.5297,"2/06/2021","",NA,"","",NA,"20.8353","15/06/2021","","20.8631","29/06/2021","",NA,"",NA
38,20.4113,NA,"30°C/1",16,"Kelso","Acropora tenuis",5,"",30,17.1397,"6/05/2021",NA,NA,"","",17.4461,"19/05/2021","",NA,"","",NA,"","",NA,"","",17.5991,"2/06/2021","",NA,"","",NA,"17.6434","15/06/2021","","17.6602","29/06/2021","",NA,"",NA
280,19.3276,NA,"30°C/1",18,"Kelso","Acropora hyacinthus",1,"",30,17.3684,"6/05/2021",NA,NA,"","",17.7695,"19/05/2021","",NA,"","",NA,"","",NA,"","",17.7401,"2/06/2021","",NA,"","",NA,"17.7251","15/06/2021","","17.7226","17/06/2021","Sampled due to bleaching and algal growth",NA,"",NA
19,20.6452,NA,"30°C/2",1,"Kelso","Acropora hyacinthus",14,"",30,18.1098,"6/05/2021",NA,NA,"","",18.4291,"19/05/2021","",NA,"","",NA,"","",NA,"","",18.7177,"2/06/2021","",NA,"","",NA,"18.7701","16/06/2021","","18.7651","29/06/2021","",NA,"",NA
347,19.0935,NA,"30°C/2",2,"Kelso","Acropora tenuis",1,"",30,21.728,"6/05/2021",NA,NA,"","",21.9518,"19/05/2021","",NA,"","",NA,"","",NA,"","",22.0956,"2/06/2021","",NA,"","",NA,"22.0968","16/06/2021","","22.0532","21/06/2021","Sampled due to bleaching and algal growth",NA,"",NA
225,18.7528,NA,"30°C/2",3,"Kelso","Pocillopora verrucosa",9,"",30,18.4171,"6/05/2021",NA,NA,"","",18.7114,"19/05/2021","",NA,"","",NA,"","",NA,"","",19.047,"2/06/2021","",NA,"","",NA,"19.4007","16/06/2021","","19.773","29/06/2021","",NA,"",NA
263,19.8767,NA,"30°C/2",5,"Kelso","Acropora hyacinthus",15,"",30,18.1015,"6/05/2021",NA,NA,"","",18.3409,"19/05/2021","",NA,"","",NA,"","",NA,"","",18.4736,"2/06/2021","",NA,"","",NA,"18.4799","16/06/2021","","18.4732","29/06/2021","Overgrown with algae",NA,"",NA
367,19.4551,NA,"30°C/2",6,"Kelso","Stylophora pistillata",4,"",30,17.095,"6/05/2021",NA,NA,"","",17.6687,"19/05/2021","",NA,"","",NA,"","",NA,"","",17.9228,"2/06/2021","",NA,"","",NA,"17.9467","16/06/2021","","17.938","29/06/2021","",NA,"",NA
118,19.8932,NA,"30°C/2",7,"Kelso","Stylophora pistillata",2,"",30,23.7984,"6/05/2021",NA,NA,"","",24.1723,"19/05/2021","",NA,"","",NA,"","",NA,"","",24.545,"2/06/2021","",NA,"","",NA,"24.6431","16/06/2021","","24.6831","29/06/2021","",NA,"",NA
52,19.2329,NA,"30°C/2",11,"Kelso","Pocillopora verrucosa",6,"",30,24.2109,"6/05/2021",NA,NA,"","",24.5521,"19/05/2021","",NA,"","",NA,"","",NA,"","",25.1892,"2/06/2021","",NA,"","",NA,"25.9711","16/06/2021","","26.6306","29/06/2021","",NA,"",NA
596,19.3116,NA,"30°C/2",12,"Kelso","Acropora tenuis",2,"",30,13.817,"6/05/2021",NA,NA,"","",14.1468,"19/05/2021","",NA,"","",NA,"","",NA,"","",14.4503,"2/06/2021","",NA,"","",NA,"14.5816","16/06/2021","","14.6625","29/06/2021","",NA,"",NA
315,19.5256,NA,"30°C/2",14,"Kelso","Acropora hyacinthus",6,"",30,20.6498,"6/05/2021",NA,NA,"","",21.251,"19/05/2021","",NA,"","",NA,"","",NA,"","",21.7511,"2/06/2021","",NA,"","",NA,"21.8539","16/06/2021","","21.8503","29/06/2021","Overgrown with algae",NA,"",NA
102,20.6377,NA,"30°C/2",16,"Kelso","Acropora tenuis",6,"",30,16.38,"6/05/2021",NA,NA,"","",16.7181,"19/05/2021","",NA,"","",NA,"","",NA,"","",16.979,"2/06/2021","",NA,"","",NA,"17.0745","16/06/2021","","17.1271","29/06/2021","",NA,"",NA
626,18.3689,NA,"30°C/2",17,"Kelso","Stylophora pistillata",1,"",30,17.2946,"6/05/2021",NA,NA,"","",17.4827,"19/05/2021","",NA,"","",NA,"","",NA,"","",17.7304,"2/06/2021","",NA,"","",NA,"17.8875","16/06/2021","","17.916","29/06/2021","",NA,"",NA
90,20.1783,NA,"30°C/2",18,"Kelso","Pocillopora verrucosa",5,"",30,25.9241,"6/05/2021",NA,NA,"","",26.2506,"19/05/2021","",NA,"","",NA,"","",NA,"","",26.6031,"2/06/2021","",NA,"","",NA,"26.8314","16/06/2021","","27.0456","29/06/2021","",NA,"",NA
129,20.3196,NA,"30°C/3",1,"Kelso","Acropora hyacinthus",7,"",30,20.299,"6/05/2021",NA,NA,"","",20.6305,"19/05/2021","",NA,"","",NA,"","",NA,"","",20.904,"2/06/2021","",NA,"","",NA,"20.9719","16/06/2021","","20.9699","29/06/2021","Overgrown with algae",NA,"",NA
292,19.3488,NA,"30°C/3",3,"Kelso","Stylophora pistillata",13,"",30,17.1985,"6/05/2021",NA,NA,"","",17.3041,"19/05/2021","",NA,"","",NA,"","",NA,"","",17.347,"2/06/2021","",NA,"","",NA,"17.3713","16/06/2021","","17.3946","29/06/2021","",NA,"",NA
41,18.9758,NA,"30°C/3",4,"Kelso","Acropora hyacinthus",11,"",30,18.5099,"6/05/2021",NA,NA,"","",18.9563,"19/05/2021","",NA,"","",NA,"","",NA,"","",19.162,"2/06/2021","",NA,"","",NA,"19.2539","16/06/2021","","19.2471","29/06/2021","Overgrown with algae",NA,"",NA
28,19.4812,NA,"30°C/3",6,"Kelso","Stylophora pistillata",8,"",30,29.9148,"6/05/2021",NA,NA,"","",30.4701,"19/05/2021","",NA,"","",NA,"","",NA,"","",30.5851,"2/06/2021","",NA,"","",NA,"30.5692","16/06/2021","","30.568","29/06/2021","",NA,"",NA
208,18.9115,NA,"30°C/3",7,"Kelso","Acropora tenuis",7,"",30,16.2628,"6/05/2021",NA,NA,"","",16.8475,"19/05/2021","",NA,"","",NA,"","",NA,"","",17.0999,"2/06/2021","",17.1204,"8/06/2021","Sampled due to tissue necrosis on tips",NA,"","","","","29/06/2021","",NA,"",NA
199,19.9091,NA,"30°C/3",8,"Kelso","Acropora hyacinthus",10,"",30,19.7132,"6/05/2021",NA,NA,"","",19.5838,"19/05/2021","",NA,"","",NA,"","",NA,"","",19.7563,"2/06/2021","",NA,"","",NA,"19.8056","16/06/2021","","19.7794","29/06/2021","Overgrown with algae",NA,"",NA
568,19.424,NA,"30°C/3",9,"Kelso","Acropora tenuis",8,"",30,14.2889,"6/05/2021",NA,NA,"","",14.5093,"19/05/2021","",NA,"","",NA,"","",NA,"","",14.6232,"2/06/2021","",NA,"","",NA,"14.6291","16/06/2021","","14.6451","29/06/2021","Overgrown with algae",NA,"",NA
63,19.6742,NA,"30°C/3",11,"Kelso","Acropora tenuis",13,"",30,15.5003,"6/05/2021",NA,NA,"","",15.1917,"19/05/2021","No obvious loss of branches, white tips but darker colour in the rest of the fragment",NA,"","",NA,"","",NA,"","",15.1892,"2/06/2021","",NA,"","",NA,"15.1662","16/06/2021","Sampled due to bleaching and algae growth ",NA,"29/06/2021","",NA,"",NA
329,18.529,NA,"30°C/3",12,"Kelso","Stylophora pistillata",9,"",30,20.3928,"6/05/2021",NA,NA,"","",21.1108,"19/05/2021","",NA,"","",NA,"","",NA,"","",21.5593,"2/06/2021","",NA,"","",NA,"21.6807","16/06/2021","","21.7297","29/06/2021","",NA,"",NA
93,19.2573,NA,"30°C/3",15,"Kelso","Pocillopora verrucosa",13,"",30,26.7006,"6/05/2021",NA,NA,"","",27.5782,"19/05/2021","",NA,"","",NA,"","",NA,"","",28.6371,"2/06/2021","",NA,"","",NA,"29.1779","16/06/2021","","29.4816","29/06/2021","",NA,"",NA
7,20.3688,NA,"30°C/3",17,"Kelso","Pocillopora verrucosa",11,"",30,20.9757,"6/05/2021",NA,NA,"","",21.6707,"19/05/2021","",NA,"","",NA,"","",NA,"","",22.5721,"2/06/2021","",NA,"","",NA,"23.2007","16/06/2021","","23.6357","29/06/2021","",NA,"",NA
285,19.3394,NA,"30°C/3",18,"Kelso","Pocillopora verrucosa",10,"",30,27.6499,"6/05/2021",NA,NA,"","",28.2667,"19/05/2021","",NA,"","",NA,"","",NA,"","",29.2379,"2/06/2021","",NA,"","",NA,"30.077","16/06/2021","","30.419","29/06/2021","",NA,"",NA
361,18.5854,NA,"31°C/1",1,"Kelso","Stylophora pistillata",4,"",31,16.4597,"11/05/2021",NA,NA,"","",16.5222,"18/05/2021","",16.5341,"20/05/2021","Sampled because it was white with some algae",NA,"25/05/2021","",NA,"","",NA,"8/06/2021","",NA,"","",NA,NA,"23/06/2021","",NA,"6/07/2021","",NA,"",NA
187,19.4252,NA,"31°C/1",3,"Kelso","Stylophora pistillata",3,"",31,23.5681,"11/05/2021",NA,NA,"","",23.6283,"18/05/2021","",23.6456,"20/05/2021","Sampled because it was white with some algae",NA,"25/05/2021","",NA,"","",NA,"8/06/2021","",NA,"","",NA,NA,"23/06/2021","",NA,"6/07/2021","",NA,"",NA
310,19.3008,NA,"31°C/1",4,"Kelso","Acropora tenuis",11,"",31,15.9477,"11/05/2021",NA,NA,"","",16.07,"18/05/2021","",16.1219,"24/05/2021","Sampled because it was dead/dying",NA,"25/05/2021","",NA,"","",NA,"8/06/2021","",NA,"","",NA,NA,"23/06/2021","",NA,"6/07/2021","",NA,"",NA
269,19.8192,NA,"31°C/1",5,"Kelso","Acropora hyacinthus",15,"",31,16.052,"11/05/2021",NA,NA,"","",16.1575,"18/05/2021","",NA,"","",16.1996,"25/05/2021","",16.2011,"31/05/2021","Not sampled, weighted to match photogrammetry",16.1909,"7/06/2021","Sampled due to bleaching and tissue necrosis",NA,"","",NA,NA,"23/06/2021","",NA,"6/07/2021","",NA,"",NA
594,19.1121,NA,"31°C/1",6,"Kelso","Acropora tenuis",2,"",31,14.9554,"11/05/2021",NA,NA,"","",15.0948,"18/05/2021","",NA,"","",15.1506,"25/05/2021","",15.1548,"31/05/2021","Not sampled, weighted to match photogrammetry",15.1787,"8/06/2021","",15.1765,"11/06/2021","Sampled due to bleaching and tissue loss",NA,NA,"23/06/2021","",NA,"6/07/2021","",NA,"",NA
200,19.7853,NA,"31°C/1",7,"Kelso","Acropora hyacinthus",10,"",31,21.6568,"11/05/2021",NA,NA,"","",21.7332,"18/05/2021","",NA,"","",21.7766,"25/05/2021","",21.769,"26/05/2021","Sampled on 26/05/21 because it was completely white",NA,"8/06/2021","",NA,"","",NA,NA,"23/06/2021","",NA,"6/07/2021","",NA,"",NA
317,19.3176,NA,"31°C/1",9,"Kelso","Acropora hyacinthus",6,"",31,19.6224,"11/05/2021",NA,NA,"","",19.8091,"18/05/2021","",19.8705,"24/05/2021","Sampled because it was dead/dying",NA,"25/05/2021","",NA,"","",NA,"8/06/2021","",NA,"","",NA,NA,"23/06/2021","",NA,"6/07/2021","",NA,"",NA
4,19.1534,NA,"31°C/1",12,"Kelso","Pocillopora verrucosa",11,"",31,16.1567,"11/05/2021",NA,NA,"","",16.3509,"18/05/2021","",NA,"","",16.5831,"25/05/2021","",NA,"","",16.867,"8/06/2021","",NA,"","",NA,"16.9136","23/06/2021","","16.9368","6/07/2021","",NA,"",NA
109,20.3407,NA,"31°C/1",13,"Kelso","Acropora tenuis",6,"",31,17.1138,"11/05/2021",NA,NA,"","",17.2859,"18/05/2021","",NA,"","",17.3557,"25/05/2021","",17.3545,"31/05/2021","Not sampled, weighted to match photogrammetry",17.3604,"8/06/2021","",NA,"","",NA,"17.3618","23/06/2021","","17.3617","24/06/2021","Sampled due to bleaching and algal loss",NA,"",NA
58,20.2863,NA,"31°C/1",14,"Kelso","Pocillopora verrucosa",6,"",31,23.6059,"11/05/2021",NA,NA,"","",23.7896,"18/05/2021","",NA,"","",23.9939,"25/05/2021","",NA,"","",24.2304,"8/06/2021","",NA,"","",NA,"24.2886","23/06/2021","","24.3077","6/07/2021","",NA,"",NA
142,19.4022,NA,"31°C/1",15,"Kelso","Pocillopora verrucosa",8,"",31,26.5656,"11/05/2021",NA,NA,"","",26.7025,"18/05/2021","",NA,"","",26.8366,"25/05/2021","",NA,"","",26.946,"8/06/2021","",NA,"","",NA,"26.9108","23/06/2021","","27.0286","6/07/2021","",NA,"",NA
629,19.1249,NA,"31°C/1",16,"Kelso","Stylophora pistillata",1,"",31,17.9562,"11/05/2021",NA,NA,"","",18.0022,"18/05/2021","",18.019,"20/05/2021","Sampled because it was white",NA,"25/05/2021","",NA,"","",NA,"8/06/2021","",NA,"","",NA,NA,"23/06/2021","",NA,"6/07/2021","",NA,"",NA
126,18.7409,NA,"31°C/2",1,"Kelso","Acropora hyacinthus",7,"",31,19.1278,"11/05/2021",NA,NA,"","",19.2107,"18/05/2021","",NA,"","",19.2298,"25/05/2021","",19.1452,"28/05/2021","Sampled due to bleaching and algal growth",NA,"8/06/2021","",NA,"","",NA,NA,"23/06/2021","",NA,"6/07/2021","",NA,"",NA
83,18.6483,NA,"31°C/2",2,"Kelso","Pocillopora verrucosa",5,"",31,22.3809,"11/05/2021",NA,NA,"","",22.5115,"18/05/2021","",NA,"","",22.6483,"25/05/2021","",NA,"","",22.7365,"8/06/2021","",NA,"","",NA,"22.7522","23/06/2021","","22.7589","6/07/2021","",NA,"",NA
563,18.9111,NA,"31°C/2",3,"Kelso","Acropora tenuis",8,"",31,14.1147,"11/05/2021",NA,NA,"","",14.1982,"18/05/2021","",NA,"","",14.2294,"25/05/2021","",14.2342,"31/05/2021","Not sampled, weighted to match photogrammetry",14.2181,"3/06/2021","Sampled due to bleaching and algal growth",NA,"","",NA,NA,"23/06/2021","",NA,"6/07/2021","",NA,"",NA
25,18.2168,NA,"31°C/2",4,"Kelso","Acropora hyacinthus",14,"",31,16.831,"11/05/2021",NA,NA,"","",16.9485,"18/05/2021","",NA,"","",16.9787,"25/05/2021","",16.9728,"31/05/2021","Not sampled, weighted to match photogrammetry",16.9602,"8/06/2021","",16.9602,"9/06/2021","sampled due to bleaching and tissue loss",NA,NA,"23/06/2021","",NA,"6/07/2021","",NA,"",NA
350,18.8462,NA,"31°C/2",5,"Kelso","Acropora tenuis",1,"",31,15.5871,"11/05/2021",NA,NA,"","",15.6371,"18/05/2021","",15.658,"24/05/2021","Sampled because it was dead/dying",NA,"25/05/2021","",NA,"","",NA,"8/06/2021","",NA,"","",NA,NA,"23/06/2021","",NA,"6/07/2021","",NA,"",NA
111,19.7339,NA,"31°C/2",7,"Kelso","Stylophora pistillata",2,"",31,20.7019,"11/05/2021",NA,NA,"","",20.7487,"18/05/2021","",20.7567,"20/05/2021","Sampled because it was dead/dying",NA,"25/05/2021","",NA,"","",NA,"8/06/2021","",NA,"","",NA,NA,"23/06/2021","",NA,"6/07/2021","",NA,"",NA
39,18.9413,NA,"31°C/2",8,"Kelso","Stylophora pistillata",8,"",31,25.6042,"11/05/2021",NA,NA,"","",25.6697,"18/05/2021","Sampled on 18/05/21 because it was dead/dying",NA,"","",NA,"25/05/2021","",NA,"","",NA,"8/06/2021","",NA,"","",NA,NA,"23/06/2021","",NA,"6/07/2021","",NA,"",NA
333,19.6218,NA,"31°C/2",9,"Kelso","Acropora tenuis",4,"",31,15.0591,"11/05/2021",NA,NA,"","",15.163,"18/05/2021","",15.1764,"24/05/2021","Sampled because it was dead/dying",NA,"25/05/2021","",NA,"","",NA,"8/06/2021","",NA,"","",NA,NA,"23/06/2021","",NA,"6/07/2021","",NA,"",NA
357,19.3109,NA,"31°C/2",11,"Kelso","Acropora hyacinthus",5,"",31,20.7226,"11/05/2021",NA,NA,"","",20.9413,"18/05/2021","",NA,"","",21.0174,"25/05/2021","Sampled on 25/05/21 because it was completely white",NA,"","",NA,"8/06/2021","",NA,"","",NA,NA,"23/06/2021","",NA,"6/07/2021","",NA,"",NA
327,18.8224,NA,"31°C/2",12,"Kelso","Stylophora pistillata",9,"",31,24.298,"11/05/2021",NA,NA,"","",24.4034,"18/05/2021","Sampled on 18/05/21 because it was dead/dying",NA,"","",NA,"25/05/2021","",NA,"","",NA,"8/06/2021","",NA,"","",NA,NA,"23/06/2021","",NA,"6/07/2021","",NA,"",NA
220,18.6062,NA,"31°C/2",14,"Kelso","Pocillopora verrucosa",12,"",31,24.0304,"11/05/2021",NA,NA,"","",24.1664,"18/05/2021","",NA,"","",24.2626,"25/05/2021","",NA,"","",24.3578,"8/06/2021","",NA,"","",NA,"24.3837","23/06/2021","","24.4158","6/07/2021","",NA,"",NA
222,19.071,NA,"31°C/2",16,"Kelso","Pocillopora verrucosa",9,"",31,20.5296,"11/05/2021",NA,NA,"","",20.6487,"18/05/2021","",NA,"","",20.7791,"25/05/2021","",NA,"","",21.0179,"8/06/2021","",NA,"","",NA,"21.1068","23/06/2021","","21.1394","6/07/2021","",NA,"",NA
278,19.4843,NA,"31°C/3",1,"Kelso","Acropora hyacinthus",1,"",31,16.4192,"11/05/2021",NA,NA,"","",19.4113,"18/05/2021","Sampled on 19/05/21 because it was dying. The weight just before sampling was 19.4083 and it had a bit of algae. Better to take the previous measurement",NA,"","",NA,"25/05/2021","",NA,"","",NA,"8/06/2021","",NA,"","",NA,NA,"23/06/2021","",NA,"6/07/2021","",NA,"",NA
161,19.295,NA,"31°C/3",3,"Kelso","Stylophora pistillata",7,"",31,27.0721,"11/05/2021",NA,NA,"","",27.1152,"18/05/2021","Sampled on 18/05/21 because it was dead/dying",NA,"","",NA,"25/05/2021","",NA,"","",NA,"8/06/2021","",NA,"","",NA,NA,"23/06/2021","",NA,"6/07/2021","",NA,"",NA
283,18.8693,NA,"31°C/3",4,"Kelso","Pocillopora verrucosa",10,"",31,28.1255,"11/05/2021",NA,NA,"","",28.2714,"18/05/2021","",NA,"","",28.4172,"25/05/2021","",NA,"","",28.6195,"8/06/2021","",NA,"","",NA,"28.6962","23/06/2021","","28.737","6/07/2021","",NA,"",NA
67,18.7658,NA,"31°C/3",5,"Kelso","Acropora tenuis",13,"",31,14.8422,"11/05/2021",NA,NA,"","",14.8839,"18/05/2021","",14.2617,"24/05/2021","Sampled because it was dead/dying",NA,"25/05/2021","",NA,"","",NA,"8/06/2021","",NA,"","",NA,NA,"23/06/2021","",NA,"6/07/2021","",NA,"",NA
297,18.3131,NA,"31°C/3",6,"Kelso","Stylophora pistillata",13,"",31,17.1412,"11/05/2021",NA,NA,"","",17.1796,"18/05/2021","",17.1831,"21/05/2021","Sampled because it was dying and was unlikely to make it through the weekend",NA,"25/05/2021","",NA,"","",NA,"8/06/2021","",NA,"","",NA,NA,"23/06/2021","",NA,"6/07/2021","",NA,"",NA
95,20.4749,NA,"31°C/3",7,"Kelso","Pocillopora verrucosa",13,"",31,30.0875,"11/05/2021",NA,NA,"","",30.5074,"18/05/2021","",NA,"","",30.9225,"25/05/2021","",NA,"","",31.6232,"8/06/2021","",NA,"","",NA,"31.8145","23/06/2021","","31.8597","6/07/2021","",NA,"",NA
176,18.951,NA,"31°C/3",9,"Kelso","Acropora hyacinthus",2,"",31,18.9245,"11/05/2021",NA,NA,"","",19.0648,"18/05/2021","",19.0686,"21/05/2021","Sampled because it was white and was unlikely to make it throught the weekend",NA,"25/05/2021","",NA,"","",NA,"8/06/2021","",NA,"","",NA,NA,"23/06/2021","",NA,"6/07/2021","",NA,"",NA
156,17.8462,NA,"31°C/3",13,"Kelso","Pocillopora verrucosa",4,"",31,22.9382,"11/05/2021",NA,NA,"","",23.1208,"18/05/2021","",NA,"","",23.2932,"25/05/2021","",NA,"","",23.493,"8/06/2021","",NA,"","",NA,"23.5305","23/06/2021","","23.5371","6/07/2021","",NA,"",NA
49,18.7507,NA,"31°C/3",14,"Kelso","Acropora hyacinthus",11,"",31,17.0706,"11/05/2021",NA,NA,"","",17.2864,"18/05/2021","",NA,"","",17.3609,"25/05/2021","",17.3608,"31/05/2021","Not sampled, weighted to match photogrammetry",17.3403,"4/06/2021","Sampled due to bleaching and algal growth",NA,"","",NA,NA,"23/06/2021","",NA,"6/07/2021","",NA,"",NA
209,17.9918,NA,"31°C/3",16,"Kelso","Acropora tenuis",7,"",31,15.2263,"11/05/2021",NA,NA,"","",15.4841,"18/05/2021","",NA,"","",15.5941,"25/05/2021","",15.6071,"31/05/2021","Not sampled, weighted to match photogrammetry",15.5615,"8/06/2021","",15.5776,"11/06/2021","Sampled due to bleaching and tissue loss",NA,NA,"23/06/2021","",NA,"6/07/2021","",NA,"",NA
17,19.3392,NA,"31°C/3",17,"Kelso","Acropora tenuis",5,"",31,14.3068,"11/05/2021",NA,NA,"","",14.353,"18/05/2021","",NA,"","",14.3816,"25/05/2021","",14.3832,"31/05/2021","Not sampled, weighted to match photogrammetry",14.3677,"7/06/2021","Sampled due to bleaching and algal growth",NA,"","",NA,NA,"23/06/2021","",NA,"6/07/2021","",NA,"",NA
231,19.7421,NA,"31°C/3",18,"Kelso","Stylophora pistillata",5,"",31,27.1183,"11/05/2021",NA,NA,"","",27.1586,"18/05/2021","",27.1741,"20/05/2021","Sampled because it was white with a patch of algae",NA,"25/05/2021","",NA,"","",NA,"8/06/2021","",NA,"","",NA,NA,"23/06/2021","",NA,"6/07/2021","",NA,"",NA
